ID,sequence,length
positive_1,MSQQKQQSWKPPNVPKCSPPQRSNPCLAPYSTPCGAPHSEGCHSSSQRPEVQKPRRARQKLRCLSRGTTYHCKEEECEGD,80
positive_2,MNLRLCVQALLLLWLSLTAVCGGSLMPLPDGNGLEDGNVRHLVQPRGSRNGPGPWQGGRRKFRRQRPRLSHKGPMPF,77
positive_3,TCQLRPGAQCASDGPCCQNCQLRPSGWQCRPTRGDCDLPEFCPGDSSQCPPDVSLGDG,58
positive_4,TQAQLLRVGCVLGTCQVQNLSHRLWQLMGPAGRQDSAPVDPSSPHSY,47
positive_5,NYGRKKRRQRRRPKPRVTWNKKGKKVNSQRFKFERQKILDQRFFEC,46
positive_6,AVLKRLEQKGAEADQIIEYLKQQVSLLKEKAILQATLREEK,41
positive_7,PPSVSEIQLMHNRGKHLNSMERVEWLRKKLQDVHNFPP,38
positive_8,YPSKPDNPGEDAPAEDMARYYSALRHYINLITRQRY,36
positive_9,YGRKKRRQRRRVQPYSTVVHSKFERQKILDQRFFE,35
positive_10,YHEDAYHEDAYHEDAYHEDAYHEDAQSDIVAHLL,34
positive_11,MHHHHHHHHMKKLLFAIPLVVPFYSHSTMELE,32
positive_12,CKSGGAWCGFDPHGCCGNCGCLVGFCYGTGC,31
positive_13,FQGTFPDGFLWAVGSAAYQTEGGWQQHGKG,30
positive_14,QPVVTLYHWDLPQRLQDAYGGWANRALADH,30
positive_15,WKVRQRNKKVQQQESQTALVVNQRCLFA,28
positive_16,WKVRQRSKKAQQQESQTALVANQRSLFA,28
positive_17,EGKLSSNDTEGGLCKEFLHPSKVDLPR,27
positive_18,HAYEDHAYEDHAYEDHAYEDHAYED,25
positive_19,YHEDAYHEDAYHEDAYHEDAYHEDA,25
positive_20,EHEEHEEHEEHEPEDDPNSSEESYW,25
positive_21,MAPRGFSCLLLLTSEIDLPVKRRA,24
positive_22,DRQIKIWFQNRRMKWKKRDVLPGT,24
positive_23,MKKLLFAIPLVVPFYSHSTMELE,23
positive_24,KTEETGNRSGRRRQRRKKRGY,21
positive_25,YGRKKRRERRRGSRNGTEETK,21
positive_26,PSSRASSRASSRPRPDDLEI,20
positive_27,ELKLIFLHRLKRLRKRLKRK,20
positive_28,RYVSYALLAGDPSVLEDRC,19
positive_29,EWFTFLKEAGQGAKDMWR,18
positive_30,AKPTYKAKPTYKAKPTYK,18
positive_31,WKVRQRNKKVQQQESQTA,18
positive_32,SEEGYYGEQQQQPGMTR,17
positive_33,EARPALLTSRLRFIPK,16
positive_34,MRWQEMGYIFYPRKLR,16
positive_35,VSRRRRRRGGRRRRPA,16
positive_36,HGPVEMPYTLLYPSSK,16
positive_37,RTPKISKPIKFELSG,15
positive_38,KRQWAQFKIQWNQRW,15
positive_39,KRQWVQFKIQWNQRW,15
positive_40,RPTRGDCDLPEFCPG,15
positive_41,GPEPTGPTGAPQWLR,15
positive_42,KGAEADQIIEYLKQQ,15
positive_43,RLEQKGAEADQIIEY,15
positive_44,PKGKQQAIHVAPSF,14
positive_45,AYDPGYKAYDPGYK,14
positive_46,SAGSCKCKESKSTS,14
positive_47,GYYGEQQQQPGMTR,14
positive_48,MHHHHHHHHTMELE,14
positive_49,EPTVLDEVCLAHGP,14
positive_50,GRGDSPGRALARG,13
positive_51,KVKVGPANVKVKV,13
positive_52,NPGPHGQPGPPGP,13
positive_53,VAEGAQCINKIPA,13
positive_54,AKRHHGYKRKFH,12
positive_55,ESKWKVMGPIWL,12
positive_56,LHRLKRLRKRLK,12
positive_57,TEGDNPDLKTPG,12
positive_58,TVDEIVQPDPPI,12
positive_59,WAQFKIQWSHRW,12
positive_60,WVQFKIQWNQRW,12
positive_61,ELIEHGGGRPAD,12
positive_62,AESPLTNRGWNP,12
positive_63,MLDTNIQSRPNL,12
positive_64,TLGLRPVPVATT,12
positive_65,VLNIPEHFTAQN,12
positive_66,GPLGPIGPPGLP,12
positive_67,RGDGANPNAAG,11
positive_68,LHRLKRLRKRL,11
positive_69,MHHHHHHHHEF,11
positive_70,NEQLERALNTS,11
positive_71,QDQLERALNTS,11
positive_72,QEQLERALNSS,11
positive_73,WKDEAGKPLVK,11
positive_74,WTWKGDNLQNN,11
positive_75,WTWKGEDKGKN,11
positive_76,WTWKGETYDSK,11
positive_77,WTWKGGRLSAS,11
positive_78,WTWKGKGTLNR,11
positive_79,WTWKGLYQRLG,11
positive_80,WTWKGNKQVKF,11
positive_81,WTWKGQLGQLS,11
positive_82,WTWKGRDKLQM,11
positive_83,WTWKGRKSLLR,11
positive_84,WTWKGRQLNNQ,11
positive_85,EDEFKPPAAGR,11
positive_86,QQRFEWEFEQQ,11
positive_87,VVLIGDSGVGK,11
positive_88,GPANVEKEKEK,11
positive_89,PGAPGSSGPKG,11
positive_90,GDKARYEREM,10
positive_91,RQTRVERCHC,10
positive_92,TWKGKGTLNR,10
positive_93,WTWKGKGTLN,10
positive_94,YGGFLRKYPK,10
positive_95,YKSKKGGWTH,10
positive_96,YNWNSFGLRF,10
positive_97,SYSGVLFFLK,10
positive_98,GQGAKDMWR,9
positive_99,PPTTTKFAA,9
positive_100,CKHHLGAIC,9
positive_101,CNTGSPYEC,9
positive_102,CPPNTDRSC,9
positive_103,CPRHFNPVC,9
positive_104,CQQTKNYYC,9
positive_105,CTKIYDPVC,9
positive_106,IFGGTVYRS,9
positive_107,KARSDDLSV,9
positive_108,RGDGPQGPQ,9
positive_109,RPRPDDLEI,9
positive_110,RPRPDDLEV,9
positive_111,RPRPDDVPV,9
positive_112,WRFQWQFEQ,9
positive_113,HPSKVDLPR,9
positive_114,WKGKGTLNR,9
positive_115,WTWKGKGTL,9
positive_116,HLGLEEPKK,9
positive_117,LDALEPDNR,9
positive_118,TGSYTEGWS,9
positive_119,CGPANVETC,9
positive_120,DKPLIPEGP,9
positive_121,ALSSRLRA,8
positive_122,ALSSRLRF,8
positive_123,ALSSRLRG,8
positive_124,ALSTRLRA,8
positive_125,ALSTRLRF,8
positive_126,ALSTRLRG,8
positive_127,ALTSKLRA,8
positive_128,ALTSKLRF,8
positive_129,ALTSRVRA,8
positive_130,ALTSRVRF,8
positive_131,ALTSRVRG,8
positive_132,GGFGGFGI,8
positive_133,KHNRGDEF,8
positive_134,QILSKLRL,8
positive_135,QEMRMQVY,8
positive_136,SQEMRMQT,8
positive_137,EMVELPLR,8
positive_138,QRIKYIKP,8
positive_139,SRNGTEET,8
positive_140,KGWPGTPG,8
positive_141,GAGVSAE,7
positive_142,PDSTEAK,7
positive_143,RDVLPGT,7
positive_144,RDVVPGG,7
positive_145,TAKDGAP,7
positive_146,VLPVPQK,7
positive_147,PQEMRMQ,7
positive_148,ILGRWCG,7
positive_149,KTPPTTP,7
positive_150,KWGGGRY,7
positive_151,MASVPTK,7
positive_152,MTPTGAG,7
positive_153,QKRRTCK,7
positive_154,GPANVET,7
positive_155,EEMQRR,6
positive_156,FVAPFP,6
positive_157,GMCCSR,6
positive_158,IQPSPV,6
positive_159,SFKLRY,6
positive_160,DFPWFN,6
positive_161,GEVQKP,6
positive_162,IGAAPG,6
positive_163,IGASPG,6
positive_164,IGLAPG,6
positive_165,IGLMPG,6
positive_166,IGVAPG,6
positive_167,IGVMPG,6
positive_168,IGVSPG,6
positive_169,PEGQKP,6
positive_170,PEVQKG,6
positive_171,PEVQKP,6
positive_172,PGVQKP,6
positive_173,VGAAPG,6
positive_174,VGASPG,6
positive_175,VGLAPG,6
positive_176,VGLMPG,6
positive_177,VGVMPG,6
positive_178,VGVSPG,6
positive_179,DEMRMQ,6
positive_180,DQMRMQ,6
positive_181,EEIRMQ,6
positive_182,EEMRMQ,6
positive_183,EQMRMQ,6
positive_184,HWAWFK,6
positive_185,KGTLNR,6
positive_186,NEIRVQ,6
positive_187,QDMKMN,6
positive_188,QDMRMN,6
positive_189,QDMRMQ,6
positive_190,QEIRMQ,6
positive_191,QELRMQ,6
positive_192,QEMKLQ,6
positive_193,QEMKMQ,6
positive_194,QEMRIQ,6
positive_195,QEMRLQ,6
positive_196,QEMRME,6
positive_197,QEMRMN,6
positive_198,QEMRMQ,6
positive_199,QQMRMQ,6
positive_200,MQIFVK,6
positive_201,TKSGKF,6
positive_202,VGVAPG,6
positive_203,VKNAKY,6
positive_204,LHWFRA,6
positive_205,KTTKS,5
positive_206,GFGGF,5
positive_207,GLGSR,5
positive_208,GLSGL,5
positive_209,GPTPL,5
positive_210,SGGFG,5
positive_211,YIGSR,5
positive_212,TMELE,5
positive_213,YAGFL,5
positive_214,GGFGL,5
positive_215,KIFKF,5
positive_216,LKSGR,5
positive_217,MVWGP,5
positive_218,PRPIK,5
positive_219,SGRDP,5
negative_1,YYLIPVASSSKDVQLKNITD,20
negative_2,YYDPNYLRTDSD,12
negative_3,YTPNNEIDSFVKSGDFI,17
negative_4,YSLLDKFDTNSNSVSFNLLE,20
negative_5,YSGPDKEQIADE,12
negative_6,YEGNFIGALETTGVVLLLGYIPE,23
negative_7,WSVSLKGNNLIWTLKDSAGEVRQ,23
negative_8,WLRVPKVSASHLEQYGTNEYSIE,23
negative_9,VSYNNNEHIVGYPKDGN,17
negative_10,VSTIVPYIGPALNIVKQGYEGNF,23
negative_11,VRDIIDDFTNESSQKT,16
negative_12,VNQGAQGILFLQWVRDIIDDFTN,23
negative_13,VKLRDLKTYSVQLKLYDDKNASL,23
negative_14,VKLFNRIKNNVAGEALLDKI,20
negative_15,VIVHKAMDIEYNDMFNNFTV,20
negative_16,VITYPDAQLVPGINGKAIHL,20
negative_17,TYSVQLKLYDDKNASLGLVG,20
negative_18,TVNTQFQKRSYQMYRSLETQVDA,23
negative_19,TTEIHNIDDNTIYQYLYAQKSPT,23
negative_20,TRLSYFSMNHDPVKI,15
negative_21,TQVDAIKKIIDYEYKIYSGPDKE,23
negative_22,TNGKLNIYYRRLYNGLKFII,20
negative_23,TKNKPLNFNYSLDKIIVDYN,20
negative_24,TIYNDTEGFNIESKDLKSEY,20
negative_25,TITNDRLSSANLYINGV,17
negative_26,TDYMYLTNAPSYTNGKLNIY,20
negative_27,TDLGGELCIKIK,12
negative_28,SYQMYRSLEYQVDAIKKIID,20
negative_29,SYNTKNKPLNFNYSLDKIPVTKG,23
negative_30,SYKQIYQQKYQFDKDSNGQY,20
negative_31,SVDDALINSTKIYSYFPSVISKVNQGAQGIL,31
negative_32,SVALSNRFQGGKAF,14
negative_33,SSTQKEKIIKTIDNFLEKRYEKW,23
negative_34,SSSKDVQLKNITDYMYLTNAPSY,23
negative_35,SSMKKHSLSIGSGWSVSLKG,20
negative_36,SSEVIVHKAMDIEYNDM,17
negative_37,SSANLYINGVLMGSAEITGL,20
negative_38,SRSFLVNQMINEAKKQLLEFDTQ,23
negative_39,SQSKDLQGGKAFGLLKAQ,18
negative_40,SMNHDPVKIPNLLDDTIYND,20
negative_41,SLTLGGELCIKIKNEDLTFIAEK,23
negative_42,SLTDLGGELC,10
negative_43,SKYFQDPALLLMHEL,15
negative_44,SITFLRDFWGNPLRYDT,17
negative_45,SIGSGWSVSLKGNNLIWTLK,20
negative_46,SHEIIPSKQEIYMQHTYPIS,20
negative_47,SFSEEPFQDEIVSYNTKNKP,20
negative_48,RYEKWIEVYKLVKAKWLGTVNTQ,23
negative_49,RTTPVTKGIPYAPEYKSNAA,20
negative_50,RLAEINREFL,10
negative_51,RIFCKALNPKEIEKLYT,17
negative_52,RESSRSFLVNQMINEAKKQL,20
negative_53,RDMWRAYSNMR,11
negative_54,QYIVNEDKFQILYNSIMYGF,20
negative_55,QRFFGHGAENS,11
negative_56,QMAFCPEYVPTF,12
negative_57,QKSPTTLQRITMTNSVDDALINS,23
negative_58,QEIYMQHTYPISAEELFTFG,20
negative_59,QDEIVSYNTKNKPLNFNYSL,20
negative_60,PYLGNSYSLLDKFDT,15
negative_61,PYCKGLDIYYKAFKITDRIW,20
negative_62,PWGNPLRYDTEYYLIPVASSSKD,23
negative_63,PVTKGIPYAPEYKSNAASTTEIH,23
negative_64,PSSLIEGASEYYDPNYLRTD,20
negative_65,PKEIEKLYTSYLSITFLRDF,20
negative_66,PITINNFRYSDPVNNDTIIM,20
negative_67,PIPFSYSKNLDCWVDNEEDI,20
negative_68,PERYEFGTKPEDFNPPSSLI,20
negative_69,PDKFNAYLANKWVFITI,17
negative_70,PALNIVKQGYEGNFIGALET,20
negative_71,PALLLMHELIHVLHGLYGMQ,20
negative_72,NYSLDKIIVDYNLQSKITLP,20
negative_73,NYFPCRDGFGSIMQMAFCPE,20
negative_74,NTIYQYLYAQKSPTTLQRIT,20
negative_75,NRFQGGKAFGLLK,13
negative_76,NQYVSIDKFRIFCKALNPKEIEK,23
negative_77,NPPSSLIEGASE,12
negative_78,NNNEHIVGYPKDGNAFNNLD,20
negative_79,NNITLKLDRCNNNNQYVSID,20
negative_80,NNDTIIMMEPPY,12
negative_81,NLYINGVLMGSAEITGLGAIRED,23
negative_82,NLISIDIKNDLYEKTLNDYK,20
negative_83,NLDINNDIISDISGFNSSVI,20
negative_84,NKNEVRGIVLRVDNKNYFPC,20
negative_85,NITSLTIGKSKYFQDPALLL,20
negative_86,NIDDNTIYQYLYAQKSPTTL,20
negative_87,NGLKFIIKRYTPNNEIDSFVKSG,23
negative_88,NGKAIHLVNNESSEVIVHKAMDI,23
negative_89,NGDIDIMSL,9
negative_90,NEEDIDVILKKSTILNLDIN,20
negative_91,NDRTTPVTKGIP,12
negative_92,NAPSYTNGKLNIYYRRLYNGLKF,23
negative_93,MTNSVDDALINSTKIYSYFP,20
negative_94,MGSAEITGLGAIREDNNITL,20
negative_95,MEAVKLRDLKTYSVQLK,17
negative_96,LYGMQVSSHEIIPSKQEIYM,20
negative_97,LVPGINGKAIHLVNNESSEV,20
negative_98,LVKAKWLGTVNTQFQ,15
negative_99,LRYDTEYYLIPVASSSKDVQ,20
negative_100,LRVGYNAPGIPLYKKMEAVKLRD,23
negative_101,LRMMLGKRSAILK,13
negative_102,LQRITMTNSVDDALINSTKI,20
negative_103,LPVIAALSIAESSTQKEKII,20
negative_104,LPNDRTTPVTKG,12
negative_105,LNIYYRRLYNGLKFIIKRYT,20
negative_106,LNDYKAIANKLSQVT,15
negative_107,LLDKIINAIPYLGNSYSLLD,20
negative_108,LKTYSVQLKLYDDKNASLGL,20
negative_109,LKSEYKGQNMRVNTNAFRNV,20
negative_110,LKLYDDKNASLGLVGTH,17
negative_111,LKLVMMFEGKANES,14
negative_112,LIWTLKDSAGEVRQITF,17
negative_113,LIPVASSSKDVQLKNITDYM,20
negative_114,LFTFGGQDANLISIDIKNDL,20
negative_115,LEYIPEITLPVIAALSIAES,20
negative_116,LEKRYEKWIEVYKLVKAKWL,20
negative_117,LCKKIIPPTNIRENLYNRTA,20
negative_118,LCIKIKNEDLTFIAEKNSFS,20
negative_119,LANKWVFITITNDRLSSANLYIN,23
negative_120,KSTILNLDINNDIISDISGFNSS,23
negative_121,KSNAASTIEIHNIDDNTIYQ,20
negative_122,KRSAILRMIL,10
negative_123,KRSAILKMI,9
negative_124,KRLEEINREFL,11
negative_125,KQLLEFDTQSKNILMQYIKANSKFIGI,27
negative_126,KNLDCWVDNEEDIDVILKKSTIL,23
negative_127,KNKLEEKANKAMININ,16
negative_128,KNITDYMYLTNAPSYTNGKL,20
negative_129,KNASLGLVGTHNGQIGNPPNRDI,23
negative_130,KLIGEVSSGSGETF,14
negative_131,KKIIDYEYKIYSGPDKEQIA,20
negative_132,KINKVFSTPIPFSYSKNLDC,20
negative_133,KEIEKLYTSYLSITFLRDPWGNP,23
negative_134,KDSAGEVRQITFRDLPD,17
negative_135,KAMDIEYNDMFNNFTVSFWLRVP,23
negative_136,KAKWLGTVNTQFQKRSYQMY,20
negative_137,IYYKAFKITDRIWIVPERYE,20
negative_138,IWIVPERYEFGT,12
negative_139,IVPERYEFGTKP,12
negative_140,IVDYNLQSKITLPNDRTTPV,20
negative_141,ITGLGAIREDNNITLKLDRC,20
negative_142,ISAEELFTFGGQ,12
negative_143,IMQMAFCPEYVP,12
negative_144,ILKKSTILNLDINNDII,17
negative_145,ILFLQWVRDIIDDFTNESSQ,20
negative_146,IKNDLYEKTLNDYKAIANKL,20
negative_147,IKIKNEDLTFIAEKNSFSEE,20
negative_148,IISDISGFNSSVITYPD,17
negative_149,IGLCKKIIPPTNIRE,15
negative_150,IEYNDMFNNFTVSFWLRVPKVSASHLEQYGT,31
negative_151,IDSFVKSGDFIKLYVSYNNN,20
negative_152,IDIDSYKQIYQQKYQFDKDS,20
negative_153,IANKLSQVTSCNDPNIDIDS,20
negative_154,HIVGYPKDGNAFNNLDRILRVGY,23
negative_155,GYIPEITLPVIAALSIAESSTQK,23
negative_156,GVLMGSAEITGLGAIREDNN,20
negative_157,GTNEYSIISSMKKHSLSIGS,20
negative_158,GPDKEQIADEINNLKNKLEEKAN,23
negative_159,GNAFNNLDRILRVGYNA,17
negative_160,GLVGTHNGQIGNDPNRDILIASNWYFNHLKDKILGCDWYFVPTDEGWTND,50
negative_161,GIPLYKKMEAVKLRDLKTYS,20
negative_162,GFNSSVITYPDAQLVPGINGKAI,23
negative_163,GEVRQITFRDLPDKFNAYLANKW,23
negative_164,GALETTGVVLLLEYIPEITL,20
negative_165,FVKSGDFIKLYVSYNNNEHIVGY,23
negative_166,FTEIELGKKFNI,12
negative_167,FRPAGLPEKY,10
negative_168,FQILYNSIMYGFTEIELGKK,20
negative_169,FNNLDRILRVGYNAPGIPLY,20
negative_170,FNLLEQDPSGATTKSAMLTN,20
negative_171,FNAYLANKWVFITITNDRLS,20
negative_172,FMRESSRSFLVNQMI,15
negative_173,FLRDFWGNPLRYDTEYYLIP,20
negative_174,FLQTMVKLFNRIKNNVAG,18
negative_175,FIGITELKKLESKINKVF,18
negative_176,FIAEKNSFSEEPFQDEIVSYNTK,23
negative_177,FDNVIENITSLTIGK,15
negative_178,FDKDSNGQYIVNEDKFQILY,20
negative_179,EYSIESSMKKHSLSIGSGWSVSL,23
negative_180,EYQVDAIKKIIDYEYKIYSG,20
negative_181,EYKSNAASTIEIHNI,15
negative_182,ETTGVVLLLEYIPEITLPVI,20
negative_183,ESSQKTTIDKISDVSTIVPY,20
negative_184,ERLDGINKHF,10
negative_185,EQDPSGATTKSAMLTNLIIFGPGPVLNKNEV,31
negative_186,ELKKLIGEV,9
negative_187,ELKKLESKINKVFSTPIPFS,20
negative_188,ELIHVLHGLYGMQVSS,16
negative_189,ELGKKFNIKTRLSYFSMNHD,20
negative_190,EKLGVPKTHLEL,12
negative_191,EKIIKTIDNFLEKRYEKWIE,20
negative_192,EIELGKKFNIKT,12
negative_193,EEKANKAMININIFMRESSRSFL,23
negative_194,EALLDKIINAIP,12
negative_195,DTQSKNILMQYIKANSKFIGITELKKLESKI,31
negative_196,DTIIMMEPPYCKGLDIYYKA,20
negative_197,DRLSSANLYINGVLMGSAEI,20
negative_198,DRCNNNNQYVSIDKFRI,17
negative_199,DPVNNDTIIMME,12
negative_200,DPNYLRTDSDKDRFLQTMVKLFNRIKN,27
negative_201,DPNIDIDSYKQI,12
negative_202,DNKNYFPCRDGF,12
negative_203,DLTFIAEKNSFSEEPFQDEI,20
negative_204,DKISDVSTIVPYIGPALNIV,20
negative_205,DISGFNSSVITYPDAQLVPG,20
negative_206,DINNDIISDISGFNSSVITY,20
negative_207,DIIDDFTNESSQKTTIDKIS,20
negative_208,DFNPPSSLIEGA,12
negative_209,DDFTNESSQKTTIDKISDVSTIV,23
negative_210,DANLISIDIKNDLYEKTL,18
negative_211,CNDPNIDIDSYK,12
negative_212,ASHLEQYGTNEYSIISSMKK,20
negative_213,ANSKFIGITELKKLESKINK,20
negative_214,ALNPKEIEKLYTSYLSI,17
negative_215,AKKQLLEFDTQSKNILMQYI,20
negative_216,AIREDNNITLKLDRCNNNNQYVS,23
negative_217,AGEALLDKIINA,12
negative_218,AFRNVDGSGLVSKLIG,16
negative_219,AFCPEYVPTFDNVIENITSL,20
negative_220,AEELFTFGGQDA,12
