,0
0,KTEETGNRSARRRQRRKKRGY
1,NYGRKKRRQRRRPKPRVTWNKRGKKVNSQRFKFERQKILDQRFFEC
2,YGRKKRRQRRRVQPYSTVVHSKYERQKILDQRFFE
3,MSQQRQQSWKPPNVPKCSPPQRSNPCLAPYSTPCGAPHSEGCHSSSQRPEVQKPRRARQKLRCLSRGTTYHCKEEECEGD
4,WRVRQRSKKAQQQESQTALVANQRSLFA
5,MNLRLCLQALLLLWLSLTAVCGGSLMPLPDGNGLEDGNVRHLVQPRGSRNGPGPWQGGRRKFRRQRPRLSHKGPMPF
6,WTWKGKATLNR
7,MSQQKQQSWKPPNVPKCSPPQRSNPCLAPYSTPCGAPHSEGCHSSSQRPEIQKPRRARQKLRCLSRGTTYHCKEEECEGD
8,MAPRGFSCLLLLTSEIELPVKRRA
9,VSRRRRRKGGRRRRPA
10,YGRKKRRQRRRVQPYSSVVHSKFERQKILDQRFFE
11,MQVFVK
12,QEMKLQ
13,FQGTFPEGFLWAVGSAAYQTEGGWQQHGKG
14,KIKVGPANVKVKV
15,QPVVTLYHWDLPQKLQDAYGGWANRALADH
16,PITS
17,YHEDAYHEDAYHEDAYHEDAYHEDAQTDIVAHLL
18,YGRKKRRERRRGSRNGSEETK
19,QELKMQ
20,MNLRLCVQALLLVWLSLTAVCGGSLMPLPDGNGLEDGNVRHLVQPRGSRNGPGPWQGGRRKFRRQRPRLSHKGPMPF
21,SYSGILFFLK
22,YGGYLRKYPK
23,MNLRLCVQALLLLWLSLTAVCGGSLMPLPDGNGLEDGNVRHLIQPRGSRNGPGPWQGGRRKFRRQRPRLSHKGPMPF
24,VLNIPEHFSAQN
25,TQAQLLRVGCVLGTCQVQNLSHRLWQLMGPAGRQDSAPIDPSSPHSY
26,AVSSRLRA
27,MHHHHHHHHMKKLLFAVPLVVPFYSHSTMELE
28,CPPQTDRSC
29,FIAPFP
30,LSRRRRRRGGRRRRPA
31,HGYEDHAYEDHAYEDHAYEDHAYED
32,YGRKKRRQRKRVQPYSTVVHSKFERQKILDQRFFE
33,MSQQKQQSWKPPNVPKCSPPQRSNPCLAPYSTPCGAPHSEGCHSSSQRPEVQKPRRARQKLRCLSRGSTYHCKEEECEGD
34,YGAFLRKYPK
35,CKSGGAWCGFDPHGCCGNCGCLVAFCYGTGC
36,LDALEPDQR
37,TCNLRPGAQCASDGPCCQNCQLRPSGWQCRPTRGDCDLPEFCPGDSSQCPPDVSLGDG
38,KTEETGNRSGRRRQRRRKRGY
39,WTWKGQLGQLT
40,DRQIRIWFQNRRMKWKKRDVLPGT
41,AVLKRLEQKGAEADQIIEYLKQQVTLLKEKAILQATLREEK
42,YKSRKGGWTH
43,PDGQKP
44,QEQRERALNSS
45,ILGRWCA
46,CNTGTPYEC
47,SAGFG
48,VAEGANCINKIPA
49,WTWKGQLGQRS
50,VAVAPG
51,KTEETGNRSGRRRQRRKKRGF
52,NYGRKKRRQRRRPKPRVTWNKKGKKVNSNRFKFERQKILDQRFFEC
53,AHTH
54,WTWKALYQRLG
55,SEEAYYGEQQQQPGMTR
56,AESPLTNRGWQP
57,WKLRQRSKKAQQQESQTALVANQRSLFA
58,PPTTTRFAA
59,AKPTYRAKPTYKAKPTYK
60,PSSRASSRASTRPRPDDLEI
61,KVKIGPANVKVKV
62,DRPLIPEGP
63,MNLRLCVQALLLLWLSLSAVCGGSLMPLPDGNGLEDGNVRHLVQPRGSRNGPGPWQGGRRKFRRQRPRLSHKGPMPF
64,EGKVSSNDTEGGLCKEFLHPSKVDLPR
65,DYPWFN
66,RQTKVERCHC
67,VAAAPG
68,KYVSYALLAGDPSVLEDRC
69,GPEPTGPTGGPQWLR
70,SYSAVLFFLK
71,VVRIGDSGVGK
72,WTWRGQLGQLS
73,MQLRLCVQALLLLWLSLTAVCGGSLMPLPDGNGLEDGNVRHLVQPRGSRNGPGPWQGGRRKFRRQRPRLSHKGPMPF
74,GHSH
75,NDMRMN
76,IGLMPG
77,WTWKARDKLQM
78,VRLK
79,LDGLEPDNR
80,ALSSRLRF
81,MHHHHHHHHMKKLLFAIPLVVPYYSHSTMELE
82,WKFQWQFEQ
83,QPVVTLYHWDLPQRLQDAFGGWANRALADH
84,ELIEHGAGRPAD
85,WTWKGRRSLLR
86,EPTVLEEVCLAHGP
87,EEMNRR
88,MNLRLCVQALLLLWLSLTAVCGGSLMPLPDGNGLEDGNVRHLVQPRGSRNGPGPWQAGRRKFRRQRPRLSHKGPMPF
89,NYGRKKRRQRRKPKPRVTWNKKGKKVNSQRFKFERQKILDQRFFEC
90,KTEETGNRSGRRRQKRKKRGY
91,ALSSRLRA
92,ELKLIFLHRLKRLRKRLKKK
93,TCQLRPGAQCASDGPCCQNCQLRPSGWQCRPTRGDCDLPEFCPGESSQCPPDVSLGDG
94,EMVEVPLR
95,MHHHHHHHHTMERE
96,KKQWAQFKIQWNQRW
97,TQAQLLRVGCVLGTCQVQNLSHRLWQLMGPAGRQDSAPVDPSSPHSF
98,PPTVSEIQLMHNRGKHLNSMERVEWLRKKLQDVHNFPP
99,VGISPG
100,MNLRLCVQAVLLLWLSLTAVCGGSLMPLPDGNGLEDGNVRHLVQPRGSRNGPGPWQGGRRKFRRQRPRLSHKGPMPF
101,AGFGL
102,VGGSPG
103,MAPRGFSCLLLLTSEIDLPVKRRG
104,GPDPTGPTGAPQWLR
105,QEIRVQ
106,GRGDSPARALARG
107,NEMRMQVY
108,TQANLLRVGCVLGTCQVQNLSHRLWQLMGPAGRQDSAPVDPSSPHSY
109,MNLRLCVQALLLLWLSLTAVCGGSLMPLPDGNGLEDGNVRHLVNPRGSRNGPGPWQGGRRKFRRQRPRLSHKGPMPF
110,RTPKISKPIKFEVSG
111,QQRYEWEFEQQ
112,WTWKGDNLQQN
113,VVLIGDSAVGK
114,GPEPTGPTGAPQWRR
115,GAGVSGE
116,QEQLERAVNSS
117,MSQQKQQSWKPPNVPKCSPPQRSNPCLAPYSTPCGAPHSEGCHSSSQRPEVQKPRRAKQKLRCLSRGTTYHCKEEECEGD
118,RSPKISKPIKFELSG
119,LKTGR
120,TVDEVVQPDPPI
121,TCQLRPGAQCASDGPCCQNCQLRPSGWQCRPTRGDCDLPEFCPGDSSQCPPDLSLGDG
122,ELRLIFLHRLKRLRKRLKRK
123,TQAQLLRVGCVLGTCQVQNLSHRLWQLMAPAGRQDSAPVDPSSPHSY
124,VLPVPQR
125,AKPTYKAKPTYKAKPSYK
126,VADGAQCINKIPA
127,TQAQLLRVGCVLATCQVQNLSHRLWQLMGPAGRQDSAPVDPSSPHSY
128,FPNN
129,PPSVSEIQLMHNRGKHLNTMERVEWLRKKLQDVHNFPP
130,WKVRQKSKKAQQQESQTALVANQRSLFA
131,WTWKARKSLLR
132,NYGRKKRRQRRRPKPKVTWNKKGKKVNSQRFKFERQKILDQRFFEC
133,WKVRQRNKKVQQQESQTALVVNQRCLYA
134,WKVRQRNKKVQQQESQTGLVVNQRCLFA
135,GLSTRLRA
136,GPLGPIGPPALP
137,KARSDDVSV
138,EQMKMQ
139,NYGRKKRRQRRRPKPRVTWNKKGKKVNSQRFKFERNKILDQRFFEC
140,MLDSNIQSRPNL
141,RADGANPNAAG
142,PGVNKP
143,TCQLRPGAQCASDGPCCQNCQLRPSGWQCRPTRGDCDLPEFCPGDSSQCPPEVSLGDG
144,RYVSYALLAGDPSVVEDRC
145,QENLERALNSS
146,GEKARYEREM
147,GRADSPGRALARG
148,DRQIKIWFQNRRMKWKKREVLPGT
149,KHNRADEF
150,EARPALLTSRRRFIPK
151,FQGTFPDGFLWAVGSAAYQTEGGWNQHGKG
152,MSQQKQQSWKPPNVPKCSPPQRSNPCLAPYSTPCGAPHSEGCHSSSQRPEVQKPRRARQKLRCVSRGTTYHCKEEECEGD
153,YGKKKRRQRRRVQPYSTVVHSKFERQKILDQRFFE
154,ELIEHAGGRPAD
155,WTWKGKGTLQR
156,PPSVSEIQLMHNRGKHVNSMERVEWLRKKLQDVHNFPP
157,QEMKMN
158,TNAQLLRVGCVLGTCQVQNLSHRLWQLMGPAGRQDSAPVDPSSPHSY
159,TCQLRPGAQCASDGPCCQNCQVRPSGWQCRPTRGDCDLPEFCPGDSSQCPPDVSLGDG
160,EGKLSSNDTEGGLCKEFLHPSKVDRPR
161,GDKARYEKEM
162,WTWKADNLQNN
163,IFGGTIYRS
164,ALTSRLRG
165,WKVRQRSKKAQQQESQTAVVANQRSLFA
166,CKSGAAWCGFDPHGCCGNCGCLVGFCYGTGC
167,GPTPV
168,SYSGVVFFLK
169,QQMKMQ
170,DRQIKIWFQNRRMKWKKRDILPGT
171,AKPSYKAKPTYKAKPTYK
172,TQAQLLRVGCLLGTCQVQNLSHRLWQLMGPAGRQDSAPVDPSSPHSY
173,ALTSRLRG
174,ALSSRLKA
175,WKVRQKNKKVQQQESQTALVVNQRCLFA
176,EHDEHEEHEEHEPEDDPNSSEESYW
177,AVLKKLEQKGAEADQIIEYLKQQVSLLKEKAILQATLREEK
178,QPVVTLFHWDLPQRLQDAYGGWANRALADH
179,MNIFVK
180,DQMKMQ
181,PGAPGSSAPKG
182,ALTSRVRG
183,VDALEPDNR
184,LRSGR
185,KRQWAQYKIQWNQRW
186,WTWKGQLGNLS
187,CKSGGAWCGFDPHGCCGQCGCLVGFCYGTGC
188,PRPIR
189,NYGKKKRRQRRRPKPRVTWNKKGKKVNSQRFKFERQKILDQRFFEC
190,YPSKPDNPGEDAPAEDMARYYSALRHYINVITRQRY
191,WSWKGRQLNNQ
192,YPSKPENPGEDAPAEDMARYYSALRHYINLITRQRY
193,WAQFKVQWSHRW
194,WRFQWQFDQ
195,PPSVSEIQLMHNRGKHLNSMERVEWLRRKLQDVHNFPP
196,VAEAAQCINKIPA
197,MNLRLCVQALLLLWLSLTAVCGGSLMPRPDGNGLEDGNVRHLVQPRGSRNGPGPWQGGRRKFRRQRPRLSHKGPMPF
198,HVGLEEPKK
199,AVLKRLEQKGAEADQIIEYLKQQLSLLKEKAILQATLREEK
200,MNLRLCVQALLLLWLSLTAVCGGTLMPLPDGNGLEDGNVRHLVQPRGSRNGPGPWQGGRRKFRRQRPRLSHKGPMPF
201,AVLKRLEQKGAEADQIIEYLKQQVSLLKEKAIVQATLREEK
202,AKPTYKAKPTYKAKPTYR
203,EHEEHEEHEEHEPEDDPNTSEESYW
204,TLDEIVQPDPPI
205,WTWKGLFQRLG
206,QIRSKLRL
207,VALAPG
208,YHEDAYHEDAYHEDAYHEDAYHEDANSDIVAHLL
209,TLGRRPVPVATT
210,DRQIKIWFQNKRMKWKKRDVLPGT
211,RQSRVERCHC
212,ALTSKRRA
213,WRFQWQYEQ
214,TQAQLLRVGCVLGTCQVQNLSHKLWQLMGPAGRQDSAPVDPSSPHSY
215,ALTSKVRA
216,RTPKISKPIKFELSA
217,AVLKRLEQKGAEADQIIEYLKQQVSLLKEKAILQATLRDEK
218,TCQLRPGAQCASDGPCCQNCQLRPSGWQCRPTRGDCELPEFCPGDSSQCPPDVSLGDG
219,MLDTNIQTRPNL
220,MSQQKQQSWKPPNVPKCSPPQRSNPCLAPYSTPCGAPHSEGCHSSSQRPEVQKPRRARQRLRCLSRGTTYHCKEEECEGD
221,TCQLRPGAQCASDGPCCQNCQLRPSGWQCRPTRGDCDLPEFCPADSSQCPPDVSLGDG
222,TQAQLLRVGCVLGTCQVQNLSHRLWNLMGPAGRQDSAPVDPSSPHSY
223,LGLMPG
224,LHWYRA
225,MNLRLCVQALLLLWLSLTAVCGGSLMPLPDGNGLEDGNVRHLVQPRGSRNGPGPWQGGKRKFRRQRPRLSHKGPMPF
226,WTWKGEDKGRN
227,TLGVRPVPVATT
228,HGPVEMPYTRLYPSSK
229,CGPANLETC
230,IGLMPG
231,VGGAPG
232,MSQQKQQSWKPPNVPKCSPPQRSNPCLAPYSTPCGGPHSEGCHSSSQRPEVQKPRRARQKLRCLSRGTTYHCKEEECEGD
233,VKNGKY
234,QPLVTLYHWDLPQRLQDAYGGWANRALADH
235,TGSYTEAWS
236,KIYKF
237,RYVSYAVLAGDPSVLEDRC
238,EGKLSSNDTEGGLCKEFLHPSKIDLPR
239,RARSDDLSV
240,QEQLERALNST
241,SEEGYYGEQQQQPAMTR
242,AVSTRLRF
243,GGFAGFGI
244,RYVSYALLAADPSVLEDRC
245,LGAAPG
246,RPRPDDLEL
247,PKGKNQAIHVAPSF
248,FAGFL
249,RYVSYALLAGDPSVLEERC
250,PGAPGSSGPRG
251,RTPKISKPIKYELSG
252,WTWKGEDRGKN
253,MRDTNIQSRPNL
254,MASVPSK
255,WAQFKIQWSHKW
256,QEQLERGLNSS
257,AVLKRLEQKAAEADQIIEYLKQQVSLLKEKAILQATLREEK
258,QEMKIQ
259,VAASPG
260,GVGSR
261,SYSGLLFFLK
262,CGPANIETC
263,KTEETGNRSGRRRNRRKKRGY
264,EEMQRK
265,YVGSR
266,GPEPSGPTGAPQWLR
267,VGVGPG
268,WKVRQRSKKAQQQESQSALVANQRSLFA
269,RKSGR
270,NPGPHGQPAPPGP
271,QDQLERAVNTS
272,WKVRQRNKKVQQQESQSALVVNQRCLFA
273,PIST
274,ESKWKVMAPIWL
275,ALSTRVRG
276,EGKLSSNDTEGALCKEFLHPSKVDLPR
277,TEGDNPDVKTPG
278,WTWKGRQLNQQ
279,QDQLERALQTS
280,IAEGAQCINKIPA
281,TLGLRPVPVATS
282,YNWNSFGLRY
283,EMVERPLR
284,LLPVPQK
285,VRNAKY
286,PSSRGSSRASSRPRPDDLEI
287,MRWQEMGYIFFPRKLR
288,QDQLDRALNTS
289,YGRKKRRQRRRVQPFSTVVHSKFERQKILDQRFFE
290,FQGTFPDGFVWAVGSAAYQTEGGWQQHGKG
291,MNLRLCVQALLLLWLSLTALCGGSLMPLPDGNGLEDGNVRHLVQPRGSRNGPGPWQGGRRKFRRQRPRLSHKGPMPF
292,YGRKKRRERRKGSRNGTEETK
293,KQTRVERCHC
294,SCQLRPGAQCASDGPCCQNCQLRPSGWQCRPTRGDCDLPEFCPGDSSQCPPDVSLGDG
295,VFGGTVYRS
296,WTWKGRKSLRR
297,IALMPG
298,RTPKISKPIKFERSG
299,WTWKGKDKLQM
300,ELKLIFLHKLKRLRKRLKRK
301,GESPLTNRGWNP
302,TEGDNPDLKSPG
303,HGPVEMPYSLLYPSSK
304,MNLRLCVQALLLLWLSLTAVCGGSLMPLPDGNGLEDANVRHLVQPRGSRNGPGPWQGGRRKFRRQRPRLSHKGPMPF
305,QQRFEWEFDQQ
306,IYGGTVYRS
307,MNLRLCVQALLLLWLSLTAVCGGSLMPLPDGNGLEDGNVRHLVQPRGSRNGPGPWQGGRRKFRRNRPRLSHKGPMPF
308,WTWKGETFDSK
309,WTWKGETYDTK
310,PPSVSEIQLMHNKGKHLNSMERVEWLRKKLQDVHNFPP
311,ELKLIFLHRLKKLRKRLKRK
312,NYGRKKRRNRRRPKPRVTWNKKGKKVNSQRFKFERQKILDQRFFEC
313,PSSRASSRASSRPRPDDLDI
314,DGKLSSNDTEGGLCKEFLHPSKVDLPR
315,FQGTFPDGFLWAVASAAYQTEGGWQQHGKG
316,ELKLIFRHRLKRLRKRLKRK
317,MTQQKQQSWKPPNVPKCSPPQRSNPCLAPYSTPCGAPHSEGCHSSSQRPEVQKPRRARQKLRCLSRGTTYHCKEEECEGD
318,MNLRLCVQALLLLWLSLTAVCGGSLMPLPEGNGLEDGNVRHLVQPRGSRNGPGPWQGGRRKFRRQRPRLSHKGPMPF
319,EGKLSTNDTEGGLCKEFLHPSKVDLPR
320,SEGDNPDLKTPG
321,CKSGGAWCGFDPHGCCGNCGCLVGFCYATGC
322,GLTSRVRG
323,IAAAPG
324,RPRPDDVEV
325,GLSGV
326,WTWKGRKSLVR
327,KSEETGNRSGRRRQRRKKRGY
328,CKHHVGAIC
329,WTWKGKGTRNR
330,QEQLERALNTS
331,YKSKKGAWTH
332,QDNLERALNTS
333,MNLRLCVQALLLLWLSRTAVCGGSLMPLPDGNGLEDGNVRHLVQPRGSRNGPGPWQGGRRKFRRQRPRLSHKGPMPF
334,VVLIGDSGIGK
335,AECR
336,RPRPEDLEV
337,CKHHLGALC
338,YGRKKRRERRRGSRNGTDETK
339,LRVK
340,GMCCTR
341,LGVSPG
342,PPTTTKYAA
343,SEEGYYGEQNQQPGMTR
344,ALTSRLRF
345,TQAQLLRVGCVLGTCQVQNLTHRLWQLMGPAGRQDSAPVDPSSPHSY
346,HGPVEMPYTVLYPSSK
347,KVKLGPANVKVKV
348,WKVRQRSKKAQQQESQTALVANQKSLFA
349,HLALEEPKK
350,QIVSKLRL
351,MHHHHHHHHMKKLLFALPLVVPFYSHSTMELE
352,YIGSK
353,RWGGGRY
354,KTEESGNRSGRRRQRRKKRGY
355,CKHHLAAIC
356,YHEDAYHEDAYHEDAFHEDAYHEDAQSDIVAHLL
357,WTWKGRDKLNM
358,WKVRQRNKKVQQQESQTALVVNQRCVFA
359,VAEGAQCLNKIPA
360,QILSKRRL
361,KTEETANRSGRRRQRRKKRGY
362,TLGLRPVPVGTT
363,PPTTTKFAG
364,MNLRLCVQALLLLWLSLTAVCGGSLMPLPDGNGLDDGNVRHLVQPRGSRNGPGPWQGGRRKFRRQRPRLSHKGPMPF
365,AVLKRLEQKGGEADQIIEYLKQQVSLLKEKAILQATLREEK
366,TQAQLLRVGCVLGTCQVQNLSHRVWQLMGPAGRQDSAPVDPSSPHSY
367,IGVMPG
368,NDMKMN
369,HAFEDHAYEDHAYEDHAYEDHAYED
370,DRQIKIWFQNRRMKWKKRDVLPAT
371,PSSRASSRASSRPRPDDLEL
372,PPSVSEIQLMHNRGKHLNSMERVEWLRKKLQEVHNFPP
373,HGPVEMPYTLRYPSSK
374,KGDGPQGPQ
375,NYGRKKRRQRRRPKPRVTWNKKGKKVNTQRFKFERQKILDQRFFEC
376,DRQIKIWFQNRRMKWKKRDVLPGS
377,EGKLSSNDSEGGLCKEFLHPSKVDLPR
378,PRPLK
379,MNLRVCVQALLLLWLSLTAVCGGSLMPLPDGNGLEDGNVRHLVQPRGSRNGPGPWQGGRRKFRRQRPRLSHKGPMPF
380,MNLRLCVQALLLLWLSLTAVCGGSVMPLPDGNGLEDGNVRHLVQPRGSRNGPGPWQGGRRKFRRQRPRLSHKGPMPF
381,RGDGAQPNAAG
382,CNTASPYEC
383,PLSS
384,SAGSCKCRESKSTS
385,YGRKKRRQRRRVQPYSTVLHSKFERQKILDQRFFE
386,MNLRLCVQALLLLWLSLTAVCGGSLMPLPDGNGLEDGNVRHLVQPRGTRNGPGPWQGGRRKFRRQRPRLSHKGPMPF
387,MGSVPTK
388,ELKLIFLHRVKRLRKRLKRK
389,DRQIKIWFQNRRMKWKRRDVLPGT
390,AVLKRLEQKGADADQIIEYLKQQVSLLKEKAILQATLREEK
391,GLSGR
392,VSRRRRKRGGRRRRPA
393,GRGDSPGRALGRG
394,DEMKMQ
395,MHHHHHHHHDF
396,MNLRLCVQALLLLWLSLTAVCGGSLMPVPDGNGLEDGNVRHLVQPRGSRNGPGPWQGGRRKFRRQRPRLSHKGPMPF
397,ALGSR
398,WTWKARQLNNQ
399,AYDPGYKAYDPGFK
400,RYVSYALVAGDPSVLEDRC
401,AESPVTNRGWNP
402,EGKLSSNDTEGGLCKEFLHPSKVDVPR
403,QYGRKKRRQRRRPKPRVTWNKKGKKVNSQRFKFERQKILDQRFFEC
404,DEMRMQ
405,KARSDDRSV
406,KARTDDLSV
407,DPTVLDEVCLAHGP
408,PEAQKP
409,YPSKPDNPGEDAPAEDMAKYYSALRHYINLITRQRY
410,YKSKKGGWSH
411,CAPANVETC
412,TQAQLLRVGCVLGTCQLQNLSHRLWQLMGPAGRQDSAPVDPSSPHSY
413,GLGTR
414,WSWKGDNLQNN
415,WRDEAGKPLVK
416,MSQQKNQSWKPPNVPKCSPPQRSNPCLAPYSTPCGAPHSEGCHSSSQRPEVQKPRRARQKLRCLSRGTTYHCKEEECEGD
417,YNWNSFGLKF
418,GRGDSPGKALARG
419,TEADNPDLKTPG
420,ARSTRLRF
421,NEIRLQ
422,GDKAKYEREM
423,TVDELVQPDPPI
424,HAYEDHAYEEHAYEDHAYEDHAYED
425,RQTRVEKCHC
426,AKPTYKGKPTYKAKPTYK
427,HAYEDHAYEDHGYEDHAYEDHAYED
428,IFGGTVYRT
429,RTTKS
430,HGPLEMPYTLLYPSSK
431,EMLELPLR
432,MATVPTK
433,QPVVTLYHWDLPQRRQDAYGGWANRALADH
434,ALTSKVRF
435,TQAQLLRVGCVLGTCQIQNLSHRLWQLMGPAGRQDSAPVDPSSPHSY
436,SEEGYYGEQQNQPGMTR
437,NYGRKKRRQRRRPKPRVTWNKKGRKVNSQRFKFERQKILDQRFFEC
438,ALTTRVRA
439,RPRPDDIPV
440,MAPRAFSCLLLLTSEIDLPVKRRA
441,AMCCSR
442,AVLKRVEQKGAEADQIIEYLKQQVSLLKEKAILQATLREEK
443,AVLKRLEQKGAEADQIIEYLKQQVSLLKERAILQATLREEK
444,ALSTKLRF
445,QEQVERALNSS
446,AKPTYKARPTYKAKPTYK
447,YPSKPDNPGEDAPAEDMGRYYSALRHYINLITRQRY
448,TVDDIVQPDPPI
449,LDAVEPDNR
450,AKRHHGYRRKFH
451,KTEETGNRSGRRRQRRKRRGY
452,YPSKPDNPGEDAPAEDMARYYSALRHYINLITKQRY
453,GRGDSPGRGLARG
454,VGVMPG
455,MSNQKQQSWKPPNVPKCSPPQRSNPCLAPYSTPCGAPHSEGCHSSSQRPEVQKPRRARQKLRCLSRGTTYHCKEEECEGD
456,SFRLRY
457,KVKVGPANIKVKV
458,RTPKISRPIKFELSG
459,EHEEHEEHEEHEPEDDPNSTEESYW
460,CNTGSPFEC
461,PPSVSEIQLMHNRGKHLNSMERVEWLRKKLNDVHNFPP
462,YPSKPDNPGEDAPAEDMARYYSALKHYINLITRQRY
463,WTWKGARLSAS
464,EGKLSSNDTEGGLCKEFLHPSKVELPR
465,QEMRIN
466,VAEGAQCVNKIPA
467,YGRKKRRERRRGTRNGTEETK
468,EPTLLDEVCLAHGP
469,MLDTNIQSKPNL
470,QPVVTLYHWDLPQRLQDAYGGWANRARADH
471,IGVGPG
472,WKDEAGKPLVR
473,VSRRRRRRGGRRRRPG
474,QDQRERALNTS
475,IKNAKY
476,HAYEDHGYEDHAYEDHAYEDHAYED
477,WTWKGNKQVKY
478,MSQQKQQSWKPPNVPKCSPPQRSNPCLAPYSTPCGAPHSEGCHSSSQRPEVQKPRRARQKLRCLSRGTTYHCKEEECDGD
479,QEQLDRALNSS
480,VGVAPG
481,TCQLRPGAQCASDGPCCQQCQLRPSGWQCRPTRGDCDLPEFCPGDSSQCPPDVSLGDG
482,RPRPDEVPV
483,FQGTFPDGFLWAVGSAAYQTEAGWQQHGKG
484,PSSRASSKASSRPRPDDLEI
485,YPQN
486,SYSGVLFFLR
487,KPRPDDVPV
488,ELLEHGGGRPAD
489,MHHHHHHHHSMELE
490,HLGREEPKK
491,KRQWAQFKIQWQQRW
492,MNVRLCVQALLLLWLSLTAVCGGSLMPLPDGNGLEDGNVRHLVQPRGSRNGPGPWQGGRRKFRRQRPRLSHKGPMPF
493,ALTTRLRF
494,KRQWAQFKINWNQRW
495,AKRHHGFKRKFH
496,VSRRRKRRGGRRRRPA
497,RVKVGPANVKVKV
498,WKVKQRNKKVQQQESQTALVVNQRCLFA
499,SGGYG
500,MSQQKQQSWKPPNVPKCSPPQRSQPCLAPYSTPCGAPHSEGCHSSSQRPEVQKPRRARQKLRCLSRGTTYHCKEEECEGD
501,NYGRKKRRQRRRPKPRVTWNKKGKKVNSQRFKFERQKILDQRFFDC
502,CTKIYDPLC
503,FGGFLRKYPK
504,YGRKKRRERRRGSRNGTEESK
505,AYDPGYRAYDPGYK
506,MNLRLCVQALLLLWLSLTAVCGGSLMPLPDGNGLEDGNVRHLVQPRGSRNAPGPWQGGRRKFRRQRPRLSHKGPMPF
507,TQAQLLRIGCVLGTCQVQNLSHRLWQLMGPAGRQDSAPVDPSSPHSY
508,FQATFPDGFLWAVGSAAYQTEGGWQQHGKG
509,GEVNKP
510,NYGRKKRRQRRRPKPRVTWNKKGKKVNSQRFKYERQKILDQRFFEC
511,DRQVKIWFQNRRMKWKKRDVLPGT
512,VGLGPG
513,SYSGVRFFLK
514,IQPTPV
515,FQGTFPDGYLWAVGSAAYQTEGGWQQHGKG
516,WTWKGRYQRLG
517,MSQQKQQSWKPPNVPKCSPPQRSNPCLAPYSTPCGAPHSEGCHSSSQRPEVQKPRRARQKLRCLSRGTSYHCKEEECEGD
518,QEMRMQ
519,MNLRLCVQALLLLWLSLTAVCGGSLMPLPDGNGLEDGNVRHLVQPRGSRNGPGPWQGGRRKFRRQKPRLSHKGPMPF
520,PKGKQQAIHVGPSF
521,QEMRVQ
522,QQRFEWDFEQQ
523,TARDGAP
524,YPSKPDQPGEDAPAEDMARYYSALRHYINLITRQRY
525,YPSKPDNPGEDAPAEDMARYYSARRHYINLITRQRY
526,KLKVGPANVKVKV
527,AVSSRLRG
528,ARPTYKAKPTYKAKPTYK
529,VSRRRRRRGARRRRPA
530,AVLKRLEQKGAEADQLIEYLKQQVSLLKEKAILQATLREEK
531,TCQLRPGAQCASDGPCCQNCQLRPSGWQCKPTRGDCDLPEFCPGDSSQCPPDVSLGDG
532,CRSGGAWCGFDPHGCCGNCGCLVGFCYGTGC
533,QEIKMQ
534,APLGPIGPPGLP
535,CGPANVDTC
536,KAWPGTPG
537,WTWKGDQLQNN
538,ALSSKLRF
539,DRQIKIWFNNRRMKWKKRDVLPGT
540,FQGTFPDGFLWAVGSAAYQTEGGWQQHGKA
541,IALAPG
542,MNLRLCVQGLLLLWLSLTAVCGGSLMPLPDGNGLEDGNVRHLVQPRGSRNGPGPWQGGRRKFRRQRPRLSHKGPMPF
543,ALSTRLRA
544,TCQLRPGAQCASDGPCCQNCQLRPTGWQCRPTRGDCDLPEFCPGDSSQCPPDVSLGDG
545,IVLIGDSGVGK
546,NYGRKKRRQRRRPKPRVTWNKKGKKVNSQRFKFERQKILEQRFFEC
547,YQWNSFGLRF
548,PSSKASSRASSRPRPDDLEI
549,HGPVEMPYTLLYPTSK
550,PEVNKG
551,SEEGYYGDQQQQPGMTR
552,EPTVLDEICLAHGP
553,MSQQKQQSWKPPNVPKCTPPQRSNPCLAPYSTPCGAPHSEGCHSSSQRPEVQKPRRARQKLRCLSRGTTYHCKEEECEGD
554,YHEDGYHEDAYHEDAYHEDAYHEDAQSDIVAHLL
555,EGKLSSNDTEGGLCKEFLHPSRVDLPR
556,ARTSKLRF
557,QEMRMQVF
558,TCQLRPGAQCASDGPCCQNCQLRPSGWQCRPTRGDCDRPEFCPGDSSQCPPDVSLGDG
559,ALSSKLRF
560,EARPALLTSRLRYIPK
561,PDVQKG
562,MHHHHHHHHMKKVLFAIPLVVPFYSHSTMELE
563,EKPLIPEGP
564,PGGPGSSGPKG
565,YHEDAYHEDAYHEDAYHEDAYHEDAQSDIVAHRL
566,TCQLRPGAQCASDGPCCNNCQLRPSGWQCRPTRGDCDLPEFCPGDSSQCPPDVSLGDG
567,FQGTFPDGFLWAVGSAAYQTEGGWQQHAKG
568,GPVGPIGPPGLP
569,TCQLRPGAQCASDGPCCQNCQLKPSGWQCRPTRGDCDLPEFCPGDSSQCPPDVSLGDG
570,PELQKG
571,HAYEDHAYEDHAYEEHAYEDHAYED
572,AYEPGYKAYDPGYK
573,EHEEHEEHEEHEPEDDPNSSDESYW
574,YGRKKRRQRRRVQPYTTVVHSKFERQKILDQRFFE
575,EARPAVLTSRLRFIPK
576,GQPK
577,YPSKPDNPGEDAPAEDMARYYSALRHYINLITRQRF
578,IGAAPG
579,AYDPGYKAYDPGYR
580,MNLRLCVQALLLLWLSLTAVCGGSLMPLPDGNGLEDGNVRHLVQPKGSRNGPGPWQGGRRKFRRQRPRLSHKGPMPF
581,QPGPHGQPGPPGP
582,TCQVRPGAQCASDGPCCQNCQLRPSGWQCRPTRGDCDLPEFCPGDSSQCPPDVSLGDG
583,YGRKKRRQRRRVQPYSTVVHSKFERQKILDQKFFE
584,CKSAGAWCGFDPHGCCGNCGCLVGFCYGTGC
585,VLPLPQK
586,MNRRLCVQALLLLWLSLTAVCGGSLMPLPDGNGLEDGNVRHLVQPRGSRNGPGPWQGGRRKFRRQRPRLSHKGPMPF
587,WTWKGGRLSAT
588,VSRRRRRRGGRKRRPA
589,NEMRMN
590,ALSTRLRA
591,TCQLRPGAQCASDGPCCQNCQLRPSGWQCRPTRGDCDLPEFCPGDSSQCPPDVSVGDG
592,WTWKANKQVKF
593,SGGFA
594,KWGGGRF
595,CPPNTDRTC
596,TVDEIVQPDPPL
597,MRWQEMGYIFYPRRLR
598,QEMKMN
599,MNLRRCVQALLLLWLSLTAVCGGSLMPLPDGNGLEDGNVRHLVQPRGSRNGPGPWQGGRRKFRRQRPRLSHKGPMPF
600,VGLSPG
601,SEEGFYGEQQQQPGMTR
602,GYDPGYKAYDPGYK
603,IFGGTVFRS
604,MSQQKQQSWKPPNVPKCSPPQRSNPCLAPYSTPCGAPHSEGCHSSSQRPEVQKPRRARQKLKCLSRGTTYHCKEEECEGD
605,QQRFEWEYEQQ
606,WKVRQRNKKVQQQESQTALIVNQRCLFA
607,YPSKPDNPGEDAPAEDMARYYSALRHYINLITRQKY
608,TCQLRPGAQCASDGPCCQNCQLRPSGWQCRPTRADCDLPEFCPGDSSQCPPDVSLGDG
609,WTWKGQRGQLS
610,QDMRLQ
611,EGRLSSNDTEGGLCKEFLHPSKVDLPR
612,WTWKGESYDSK
613,VLNIPEHFTANN
614,ALTSRVRA
615,YGGFL
616,WTWKGKGTVNR
617,MNLRLCVQALLVLWLSLTAVCGGSLMPLPDGNGLEDGNVRHLVQPRGSRNGPGPWQGGRRKFRRQRPRLSHKGPMPF
618,YRSKKGGWTH
619,EDDFKPPAAGR
620,AVLKRLEQKGAEADQIIEYLKQNVSLLKEKAILQATLREEK
621,YGRKKRRQRRRVQPYSTVVHSKFERQKILDQRYFE
622,NELRVQ
623,WKVRQRSKKAQQQESQTALVANNRSLFA
624,QEQLERALQSS
625,YPSRPDNPGEDAPAEDMARYYSALRHYINLITRQRY
626,MLDTNIQSRPQL
627,NYGRKKRRQRRRPKPRVTWNKKGKKINSQRFKFERQKILDQRFFEC
628,HLGVEEPKK
629,YHEDAYHEDAYHEDAYHEDAYHEDAQSEIVAHLL
630,DKPLIPDGP
631,QEMRVQ
632,CNTGSPYDC
633,CKSGGGWCGFDPHGCCGNCGCLVGFCYGTGC
634,SFKLRF
635,PKGKQQAVHVAPSF
636,SYSGVLYFLK
637,WKVRQRSKKANQQESQTALVANQRSLFA
638,TCQLRPGAQCASDGPCCQNCQLRPSGWQCRPTRGDCDLPEFCPGDSSQCPPDVSLGDA
639,YHEDAYHEDAYHEDAYHEDAYHEDGQSDIVAHLL
640,QDMKMQ
641,TVGLRPVPVATT
642,WANFKIQWSHRW
643,TQAQLLRVGCVVGTCQVQNLSHRLWQLMGPAGRQDSAPVDPSSPHSY
644,YGRKKKRQRRRVQPYSTVVHSKFERQKILDQRFFE
645,YKSKKAGWTH
646,PPSVSEIQLMHNRGKHLNSMERVEWLRKKLQDLHNFPP
647,ARGDSPGRALARG
648,MASLPTK
649,YGRKKRRQRRRIQPYSTVVHSKFERQKILDQRFFE
650,EDMQRR
651,ALSSRVRG
652,MSQQKQQSWKPPNVPKCSPPQRSNPCLAPYSTPCGAPHSEGCHSSSQRPEVQKPRRARQKLRCLSRGTTYHCKDEECEGD
653,MNLRLCVQALLLLWLSLTAVCGGSLMPLPDGNGLEDGNIRHLVQPRGSRNGPGPWQGGRRKFRRQRPRLSHKGPMPF
654,MRWQEMGYIFYPRKVR
655,HGPVDMPYTLLYPSSK
656,QRIKFIKP
657,WKDDAGKPLVK
658,NYGRKKRRQRRRPKPRVTWNKKGKKVNSQRFKFERQKILDNRFFEC
659,TKTGKF
660,VLNIPEHYTAQN
661,YGRKKRRQRRRVQPYSTVVHSKFEKQKILDQRFFE
662,RYVSYALLGGDPSVLEDRC
663,YGRKKRRERRRGSRNATEETK
664,TGTYTEGWS
665,FQGSFPDGFLWAVGSAAYQTEGGWQQHGKG
666,MSQQKQQSWKPPNVPKCSPPQRSNPCLAPYSTPCGAPHSEGCHSSSQRPEVQKPRRARQKLRCLSRGTTYHCKEEECEAD
667,EFPWFN
668,RYVSYALLAGDPTVLEDRC
669,MSQQKQQSWKPPNVPKCSPPQRSNPCLAPYSTPCGAPHSEGCHSSSQRPDVQKPRRARQKLRCLSRGTTYHCKEEECEGD
670,DEMRMN
671,RGDGANPNAGG
672,ALSSRVRF
673,IAVSPG
674,QPIVTLYHWDLPQRLQDAYGGWANRALADH
675,RGWPGTPG
676,GPANVDKEKEK
677,QEMRMQIY
678,EEMKMQ
679,MNLRLCVQALLLLWLSLTAVCGGSLMPLPDGNGLEDGNVRHLVQPRGSRNGPGPWQGGRRKFRKQRPRLSHKGPMPF
680,QKRRTCR
681,AVLKRLEQKGAEADQIIEYLKQQVSLLREKAILQATLREEK
682,NDMRMQ
683,YPSKPDNPGEDAPAEDMARFYSALRHYINLITRQRY
684,VSRRKRRRGGRRRRPA
685,YNWNSFALRF
686,MHHHHHHHHMKKLLFAIPLVVPFFSHSTMELE
687,CQQTKNFYC
688,ERQIKIWFQNRRMKWKKRDVLPGT
689,LGVSPG
690,FKSKKGGWTH
691,ELKLIFLHRLKRRRKRLKRK
692,PNEMRMQ
693,RPRPDDVPL
694,GGGVSAE
695,MRWQEMGYIFYPRKLK
696,KVKVGPANVRVKV
697,TKSGKY
698,FNGTFPDGFLWAVGSAAYQTEGGWQQHGKG
699,QILSKLRR
700,GLSTRLRF
701,YPSKPDNPGEDAPAEDMARYYSALRHFINLITRQRY
702,WKVRQRQKKVQQQESQTALVVNQRCLFA
703,EHEEHEEHEEHEPEDEPNSSEESYW
704,PEGQRP
705,SGGSCKCKESKSTS
706,DRQIKIWFQNRRMKWKKRDVRPGT
707,MSQQKQQSWKPPNVPKCSPPQRSNPCLAPYSTPCGAPHSEGCHSSSQRPEVQKPRRARQKLRCLSRGTTYHCREEECEGD
708,AVLKRLEQKGAEADQIIEYLKNQVSLLKEKAILQATLREEK
709,IFGGTLYRS
710,LKNAKY
711,KHNRGDEY
712,AVLKRLEQRGAEADQIIEYLKQQVSLLKEKAILQATLREEK
713,HAYEDHAYEDHAYEDHAYEDHGYED
714,MTPSGAG
715,PAVQKP
716,RYLSYALLAGDPSVLEDRC
717,YGRKKRRQRRRLQPYSTVVHSKFERQKILDQRFFE
718,KTPKISKPIKFELSG
719,RPRPEDVPV
720,KTPPSTP
721,PDSTEGK
722,ELIEHGGGRPAE
723,GGFGR
724,ARSSRLRG
725,WKVRQRSKKAQQQESQTALVANQRSVFA
726,GPLGPIAPPGLP
727,GKGDSPGRALARG
728,ALTSRVKA
729,VAEGGQCINKIPA
730,MNLRLCVQALLLLWLSLTAVCGGSLMPLPDGNGLEDGNVRHLVQPRASRNGPGPWQGGRRKFRRQRPRLSHKGPMPF
731,NEMRIQ
732,EMVDLPLR
733,WRVRQRNKKVQQQESQTALVVNQRCLFA
734,GGYGGFGI
735,GPLGPLGPPGLP
736,YPSKPDNPGEDAPAEEMARYYSALRHYINLITRQRY
737,MAPRGFSCLLLRTSEIDLPVKRRA
738,EDEFKPPAAAR
739,CSKIYDPVC
740,CKTGGAWCGFDPHGCCGNCGCLVGFCYGTGC
741,MNLRLCVQALLLLWLSLTAVCAGSLMPLPDGNGLEDGNVRHLVQPRGSRNGPGPWQGGRRKFRRQRPRLSHKGPMPF
742,FQGTFPDGFLWALGSAAYQTEGGWQQHGKG
743,QERRMQ
744,IGLMPA
745,FQGTFPDGFLWAVGTAAYQTEGGWQQHGKG
746,YGRKKRRQKRRVQPYSTVVHSKFERQKILDQRFFE
747,KRQWAQFKLQWNQRW
748,MSQQKQQSWKPPNVPKCSPPQRSNPCLAPYSTPCAAPHSEGCHSSSQRPEVQKPRRARQKLRCLSRGTTYHCKEEECEGD
749,IGVTPG
750,SLGLRPVPVATT
751,GAFGGFGI
752,WTWKGRKSRLR
753,PKGKQQAIHVAPSY
754,HAYEDHAYEDHAYDDHAYEDHAYED
755,EWFTFLKEAGQGARDMWR
756,WTWKGNLGQLS
757,YHEDAYHEDAYHEDAYHEDAYHEDAQSDVVAHLL
758,QEMRLQ
759,PEVQRG
760,YGRKKRRERRRGSRNGTEDTK
761,TCQLRPGAQCASDGPCCQNCNLRPSGWQCRPTRGDCDLPEFCPGDSSQCPPDVSLGDG
762,ALSTKLRG
763,ALTSRIRF
764,SFSGVLFFLK
765,AAGVSAE
766,GDKARYERDM
767,CNQTKNYYC
768,WSWKGEDKGKN
769,WSWKGGRLSAS
770,GMCCSK
771,PPSVSEIQVMHNRGKHLNSMERVEWLRKKLQDVHNFPP
772,VKNARY
773,GEVQRP
774,AVLKRLEQKGAEADQIIEYLKQQVSLLKEKAILNATLREEK
775,MAPRGFSCLLLVTSEIDLPVKRRA
776,ESKWKVMGPVWL
777,VGASPA
778,YGRKKRKQRRRVQPYSTVVHSKFERQKILDQRFFE
779,PVSS
780,YPSKPDNPGEDGPAEDMARYYSALRHYINLITRQRY
781,TQAQLLRVGCVLGTCQVQNLSHRLWQLMGPAGRQDSAPVEPSSPHSY
782,CKSGGAWCGFDPHGCCGNCGCLVGFCFGTGC
783,HAPVEMPYTLLYPSSK
784,RYVSYALLAGDPSVLDDRC
785,AVLKRLEQKGAEADQIIEYRKQQVSLLKEKAILQATLREEK
786,EARPALLTTRLRFIPK
787,NEIRMQ
788,VGATPG
789,MSQQKQQSWKPPNVPKCSPPQRSNPCLAPYSTPCGAPHSEGCHSSSQRPEVQKPRRARQKLRCLSRATTYHCKEEECEGD
790,KTEETGNRSGRRRQRRKKKGY
791,WTWKGGRVSAS
792,MQIFLK
793,WKVRQRSKKAQQQESQTGLVANQRSLFA
794,AESPLSNRGWNP
795,QDQLERALNTT
796,QDMRIQ
797,NQRFEWEFEQQ
798,CRHHLGAIC
799,VGRMPG
800,YGRKKRRQRRRVQPYSTVVHSKFERQKILDQRFFD
801,WTWKGKQLNNQ
802,PPSVSEIQLMHNRGKHLQSMERVEWLRKKLQDVHNFPP
803,MNLRLCVQALLLLWLSLTAVCGGSLMPLPDGNGLEDGNLRHLVQPRGSRNGPGPWQGGRRKFRRQRPRLSHKGPMPF
804,QPVVTLYHWDLPQRLNDAYGGWANRALADH
805,RTPPTTP
806,FQGTFPDGFLWAVGSAAYQTEGAWQQHGKG
807,HLGLDEPKK
808,LGLAPG
809,EGKLSSNDTEGGRCKEFLHPSKVDLPR
810,MNLRLCVQALLLLWLSLTAVCGGSLMPLPDGNGLEDGNVRHLVQPRGSRNGPGPWQGGRRKFRRQRPRLSHKGPMPY
811,KWGGARY
812,NYGRKKRRQRKRPKPRVTWNKKGKKVNSQRFKFERQKILDQRFFEC
813,VGVSPA
814,HAYEDHAYEDHAYEDHAYEEHAYED
815,RYVTYALLAGDPSVLEDRC
816,LGLMPG
817,MSQQKQQSWKPPNLPKCSPPQRSNPCLAPYSTPCGAPHSEGCHSSSQRPEVQKPRRARQKLRCLSRGTTYHCKEEECEGD
818,WSWKGRKSLLR
819,PSSRASTRASSRPRPDDLEI
820,SEEGYYGEQQQNPGMTR
821,TIDEIVQPDPPI
822,GPEPTGPTGAPQWVR
823,WTWKAEDKGKN
824,MNLRLCVQALLLLWLSLTAVCGGSLMPLPDGQGLEDGNVRHLVQPRGSRNGPGPWQGGRRKFRRQRPRLSHKGPMPF
825,EGKLTSNDTEGGLCKEFLHPSKVDLPR
826,MNLRLCVQALLLLWLSLTAVCGASLMPLPDGNGLEDGNVRHLVQPRGSRNGPGPWQGGRRKFRRQRPRLSHKGPMPF
827,WTWKGEDKGKQ
828,AVLKRLEQKGAEADQIIEYVKQQVSLLKEKAILQATLREEK
829,ALTSRLRF
830,WGQFKIQWSHRW
831,GGFGAFGI
832,NDQLERALNTS
833,QDMRME
834,MSQQKQQSWKPPNVPKCSPPQRSNPCLAPYSTPCGAPHTEGCHSSSQRPEVQKPRRARQKLRCLSRGTTYHCKEEECEGD
835,WTWRGRKSLLR
836,SFKVRY
837,CQQTKQYYC
838,WKVRQRNKKVQQQESQTALVVNQKCLFA
839,YGRKKRREKRRGSRNGTEETK
840,YGRKKRRQRRRVQPYSTIVHSKFERQKILDQRFFE
841,RTPKLSKPIKFELSG
842,CTKIYDPIC
843,SDEGYYGEQQQQPGMTR
844,PEVQKA
845,CPRHFNPIC
846,NEIKVQ
847,WTWKGRKSLLK
848,AKRHHGYKRRFH
849,TAKDAAP
850,SGSYTEGWS
851,YHEDAYHDDAYHEDAYHEDAYHEDAQSDIVAHLL
852,TLGLKPVPVATT
853,TCQLRPGAQCASDGPCCQNCQLRPSGWQCRPTRGDCDLPEFCPGDTSQCPPDVSLGDG
854,WTWKGQLGQVS
855,WTWKGRDKVQM
856,SAGSCRCKESKSTS
857,VGEGAQCINKIPA
858,EGKLSSNDTEGGLCKEFVHPSKVDLPR
859,EDEYKPPAAGR
860,WKDEAGKPLIK
861,DRQIKIWYQNRRMKWKKRDVLPGT
862,TQAQLLRVGCILGTCQVQNLSHRLWQLMGPAGRQDSAPVDPSSPHSY
863,WKIRQRNKKVQQQESQTALVVNQRCLFA
864,HAYEDHAYEDHAYEDHAYEDHAYDD
865,PKGKQQGIHVAPSF
866,WKVRQRSKKAQQQESNTALVANQRSLFA
867,RPRPDDREV
868,TQAQLLRVGCVLGTCQVQNLSHRLWQLMGPAGKQDSAPVDPSSPHSY
869,EHEEHEEHEEHEPEDDPNSSEDSYW
870,ELKLIFLHRLRRLRKRLKRK
871,MNLRLCVQALLLLWLSLTAVCGGSLMPLPDGNGLEDGNVRHLVQPRGSRQGPGPWQGGRRKFRRQRPRLSHKGPMPF
872,VGIMPG
873,VVPVPQK
874,ELKLIFLHRLKRLRKRLRRK
875,YKSKRGGWTH
876,WTWRGLYQRLG
877,MSQQKQQSWKPPQVPKCSPPQRSNPCLAPYSTPCGAPHSEGCHSSSQRPEVQKPRRARQKLRCLSRGTTYHCKEEECEGD
878,TLGLRPVPLATT
879,ALSSRVRF
880,GRGESPGRALARG
881,YAAFL
882,AFDPGYKAYDPGYK
883,VVLLGDSGVGK
884,PPSVSEIQLMHNRGKHLNSMERVEWLKKKLQDVHNFPP
885,QELRMQ
886,KRQWGQFKIQWNQRW
887,GRGDSPGRAVARG
888,TVDEIVQPDPPV
889,WTWKGRKTLLR
890,TQAQLLRLGCVLGTCQVQNLSHRLWQLMGPAGRQDSAPVDPSSPHSY
891,FQGTFPDGFLWAVGSAAYQTEGGWQQHGRG
892,NPGPHGQPGPPAP
893,EWFTFRKEAGQGAKDMWR
894,GDKGRYEREM
895,AVLKRREQKGAEADQIIEYLKQQVSLLKEKAILQATLREEK
896,YPSKPDNPGEDAPADDMARYYSALRHYINLITRQRY
897,EGKLSSNDTDGGLCKEFLHPSKVDLPR
898,QPVVTLYHWDLPQRLQDAYGGWANRAVADH
899,VVLIADSGVGK
900,ALTSKLRY
901,MNLRLCVQALLLLWLSLTAVCGGSLMPLPDGNGLEDGNVRHLLQPRGSRNGPGPWQGGRRKFRRQRPRLSHKGPMPF
902,TGKDGAP
903,RQTRLERCHC
904,NEQLERALNSS
905,MNLRLCVQALLLLWLSLTAICGGSLMPLPDGNGLEDGNVRHLVQPRGSRNGPGPWQGGRRKFRRQRPRLSHKGPMPF
906,ELKLVFLHRLKRLRKRLKRK
907,EDEFRPPAAGR
908,PPSVSEIQLMHQRGKHLNSMERVEWLRKKLQDVHNFPP
909,YGRKKRRQRRRVQPYSTVVHSKFERQKIRDQRFFE
910,AVVKRLEQKGAEADQIIEYLKQQVSLLKEKAILQATLREEK
911,IQPSPI
912,WTWKGETYDSR
913,QLLSKLRL
914,ALTSRLRA
915,PSSRASSRASSRPKPDDLEI
916,WTWKGRKSVLR
917,EGKLSSNDTEGGVCKEFLHPSKVDLPR
918,WRFQWNFEQ
919,FQGTFPDGFLWAVGSAAYQSEGGWQQHGKG
920,GVLKRLEQKGAEADQIIEYLKQQVSLLKEKAILQATLREEK
921,EHEEHEEHEEHDPEDDPNSSEESYW
922,QPVVTLYHWDLPQRLQDGYGGWANRALADH
923,AVLKRLEQKGAEADQIIEYLKQQVSLLKEKAILQATVREEK
924,GLTGL
925,FQGTFPDGFLWAVGSAAYQTDGGWQQHGKG
926,EEMRMQ
927,YGRKKRRQRRRVQPYSTVVHSKFERQKVLDQRFFE
928,EPTVLDEVCRAHGP
929,LGAAPG
930,DKPLLPEGP
931,ALTSKVRF
932,YHEDAYHEDAYHEDAYHEDAYHEDAQSDIIAHLL
933,DSKWKVMGPIWL
934,EDEFKPPAAGK
935,ALTTRLRG
936,TQAQLLRVGCVLGTCQVQNLSHRLWQLMGPAGRQDSAPVDPSSPHTY
937,TKSAKF
938,WAQYKIQWSHRW
939,HAYEDHAYEDHAYEDHAYEDHAYEE
940,GLTSRVRF
941,LGVMPG
942,VSRRRRRRAGRRRRPA
943,VRNIPEHFTAQN
944,SEEGYYAEQQQQPGMTR
945,KRNWAQFKIQWNQRW
946,QDMKMN
947,PTSRASSRASSRPRPDDLEI
948,GPLGPVGPPGLP
949,TGRDP
950,MLWGP
951,AYDPAYKAYDPGYK
952,CKSGGAWCGYDPHGCCGNCGCLVGFCYGTGC
953,SAGSCKCKETKSTS
954,AVLKRLEQKGAEADQIIEYLKQQVSLLKEKAVLQATLREEK
955,QPVVTLYHWDLPQRVQDAYGGWANRALADH
956,WRFQWQFEN
957,MAPRGFSCLLLLTTEIDLPVKRRA
958,VLNIPEHFTGQN
959,ALTSRIRG
960,QPVVTLYHWDVPQRLQDAYGGWANRALADH
961,FIGSR
962,ALTSKLRG
963,GDKARFEREM
964,EHEDHEEHEEHEPEDDPNSSEESYW
965,MSQQKQQSWKPPNVPKCSPPNRSNPCLAPYSTPCGAPHSEGCHSSSQRPEVQKPRRARQKLRCLSRGTTYHCKEEECEGD
966,PPSVSEIQLMHNRGKHLNSMEKVEWLRKKLQDVHNFPP
967,WSWKGETYDSK
968,CNSGSPYEC
969,KRQWANFKIQWNQRW
970,MSQQKQQSWKPPNVPKCSPPQRSNPCLAPYSTPCGAPHSEGCHSSSQRPEVQKPRRARQKLRCLSRGTTFHCKEEECEGD
971,EELRMQ
972,NYGRKKRRQRRRPKPRVTWNKKGKKVNSQRFKFERQKILDQRYFEC
973,ILGKWCG
974,EEVRMQ
975,WTWKGQKQVKF
976,MNLRLCIQALLLLWLSLTAVCGGSLMPLPDGNGLEDGNVRHLVQPRGSRNGPGPWQGGRRKFRRQRPRLSHKGPMPF
977,YGGFLRRYPK
978,QEMRRQ
979,RYVSYALRAGDPSVLEDRC
980,VLLIGDSGVGK
981,ALTSKRRF
982,ALSTRLRG
983,YGRKKRRQRRRVQPYSTVVHSRFERQKILDQRFFE
984,YGRKKRRERRRGSKNGTEETK
985,QPVVTLYHWDLPNRLQDAYGGWANRALADH
986,CKSGGAWCGFDPHGCCGNCGCLVGFCYGSGC
987,WKVRQRNRKVQQQESQTALVVNQRCLFA
988,YPSKPDNPGEEAPAEDMARYYSALRHYINLITRQRY
989,WKVRNRSKKAQQQESQTALVANQRSLFA
990,VGVAPG
991,MHHHHHHHHEY
992,CPRHFNPLC
993,HAYEDHAYEDHAYEDHAYEDHAFED
994,REVVPGG
995,GECK
996,PPSVSEIQLMHNRGKHLNSMERVEWLRKKVQDVHNFPP
997,NELRMQ
998,SARDP
999,TCQLRPGANCASDGPCCQNCQLRPSGWQCRPTRGDCDLPEFCPGDSSQCPPDVSLGDG
1000,MAPRGFSCLLLLTSEIDLPIKRRA
1001,YPSKPDNPGEDAPAEDMARYYSALRHYINLVTRQRY
1002,PDSSEAK
1003,DEMQRR
1004,MSQQKQQSWKPPNVPRCSPPQRSNPCLAPYSTPCGAPHSEGCHSSSQRPEVQKPRRARQKLRCLSRGTTYHCKEEECEGD
1005,AESPLTNRAWNP
1006,EHEEHEEHEEHEPEDDPNSSEESFW
1007,IGVSPG
1008,QILSKLKL
1009,RGDGPQGPN
1010,WTWKGDNLQNQ
1011,WTWKGQLAQLS
1012,AVLKRLEQKGAEADQIVEYLKQQVSLLKEKAILQATLREEK
1013,GPLGPIGPPGVP
1014,QEQLEKALNSS
1015,QDQVERALNTS
1016,PSSRASSRASSKPRPDDLEI
1017,EVIEHGGGRPAD
1018,QRVKYIKP
1019,EWFTFLKEAAQGAKDMWR
1020,PPSVSEIQLMHNRGKHLNSMERVDWLRKKLQDVHNFPP
1021,CGPGNVETC
1022,KWGAGRY
1023,EARPALLTSRLRFIPR
1024,MSQQKQQSWKPPNVPKCSPPQRSNPCLAPYSTPCGAPHSEACHSSSQRPEVQKPRRARQKLRCLSRGTTYHCKEEECEGD
1025,RTPRISKPIKFELSG
1026,AVLKRLENKGAEADQIIEYLKQQVSLLKEKAILQATLREEK
1027,WTWRGNKQVKF
1028,WKVRQRSKKAQNQESQTALVANQRSLFA
1029,KARSDDLTV
1030,ALTSRVKF
1031,QKIKYIKP
1032,PSSRASSRATSRPRPDDLEI
1033,YHEDAYHEDAYHEDAYHEDAYHEDAQSDIVAHLV
1034,TQAQLLRVGCVLGTCQVQNLSHRLWQLMGPAGRQDSAPLDPSSPHSY
1035,PPSVSELQLMHNRGKHLNSMERVEWLRKKLQDVHNFPP
1036,GELQKP
1037,MHHHHHHHHMKKLLFAIPRVVPFYSHSTMELE
1038,ARSTRLRA
1039,WKVRQRNKKVQNQESQTALVVNQRCLFA
1040,EARPALLTSRVRFIPK
1041,MNLRLCVNALLLLWLSLTAVCGGSLMPLPDGNGLEDGNVRHLVQPRGSRNGPGPWQGGRRKFRRQRPRLSHKGPMPF
1042,KPRPDDLEV
1043,EPTILDEVCLAHGP
1044,YGRKKRRERRRASRNGTEETK
1045,EHEEHEEHEEHEPEEDPNSSEESYW
1046,HAYEEHAYEDHAYEDHAYEDHAYED
1047,TCQLRPGAQCASDGPCCQNCQLRPSGWQCRPTRGECDLPEFCPGDSSQCPPDVSLGDG
1048,GAGVTAE
1049,VSRRRRRRGGRRRKPA
1050,QNRFEWEFEQQ
1051,WKDEAGKPLLK
1052,VLNIPEHFTAQQ
1053,KTEETGQRSGRRRQRRKKRGY
1054,TVDEILQPDPPI
1055,MNLRLCVQALLLLWLSLTAVCGGSLMPLPDGNGLEDGNVRHVVQPRGSRNGPGPWQGGRRKFRRQRPRLSHKGPMPF
1056,CKSGGAWCGFDPHGCCGNCGCLIGFCYGTGC
1057,WSWKGKGTLNR
1058,WTWKGLYNRLG
1059,IGLSPG
1060,TEGDNPDRKTPG
1061,RQTRIERCHC
1062,WKVRQRNKKVQQQETQTALVVNQRCLFA
1063,MNLRLCVQALLLLWLSLTAVCGGSRMPLPDGNGLEDGNVRHLVQPRGSRNGPGPWQGGRRKFRRQRPRLSHKGPMPF
1064,SGREP
1065,WTWRGKGTLNR
1066,NEQLERALQTS
1067,KIFRF
1068,MSQQKQQSWKPPNVPKCSPPQRSNPCLAPYSSPCGAPHSEGCHSSSQRPEVQKPRRARQKLRCLSRGTTYHCKEEECEGD
1069,PPTTTKFGA
1070,YGGFLRKYPR
1071,PQEMKMQ
1072,ALSTRLKA
1073,IGLAPG
1074,ALTSRLRF
1075,HGPVEMPYTLLYPSSR
1076,NEQLEKALNTS
1077,YGRKKKRERRRGSRNGTEETK
1078,ESKWKVMGPLWL
1079,YVAPFP
1080,EHEEHEEHEEHEPEDDPNSSEETYW
1081,MLDTNINSRPNL
1082,MHHHHHHHHMKKRLFAIPLVVPFYSHSTMELE
1083,YHEDAYHEDAYHEDAYHEDAYHEDAQSDIVGHLL
1084,SQDMRMQT
1085,ALTSRVRY
1086,YHEEAYHEDAYHEDAYHEDAYHEDAQSDIVAHLL
1087,MIWGP
1088,WTWKGLYQRVG
1089,MSQQKQQSWKPPNVPKCSPPQRSNPCLAPYSTPCGAPHSEGCHSSSQRPEVQKPRRARQKRRCLSRGTTYHCKEEECEGD
1090,QILTKLRL
1091,QEMRLQ
1092,MNLRLCVQALLLLWLTLTAVCGGSLMPLPDGNGLEDGNVRHLVQPRGSRNGPGPWQGGRRKFRRQRPRLSHKGPMPF
1093,MHHHHHHHHMKKLLFAIPLVVPFYSHSTMEVE
1094,MLDTQIQSRPNL
1095,AKPTYKAKPTYKAKPTFK
1096,QEMKRQ
1097,PPSVSEIQLMHNRGKHLNSMERVEWLRKRLQDVHNFPP
1098,MAPRGYSCLLLLTSEIDLPVKRRA
1099,NYGRKKRRQRRRPKPRVTWNKKGKKVNSQKFKFERQKILDQRFFEC
1100,ENMRMQ
1101,WKVRQRNKKVQQQESQTAVVVNQRCLFA
1102,RGDGPQAPQ
1103,GPEPTGPTAAPQWLR
1104,LGLAPG
1105,DQMRMN
1106,VGVSPG
1107,NILSKLRL
1108,PSSRASSRGSSRPRPDDLEI
1109,CTKIFDPVC
1110,NYGRKKRRQKRRPKPRVTWNKKGKKVNSQRFKFERQKILDQRFFEC
1111,GAAVSAE
1112,EEIKMQ
1113,AETPLTNRGWNP
1114,PSSRASSRASSRPRPEDLEI
1115,MSQQKQQSWKPPNVPKCSPPQRSNPCLAPYSTPCGAPHSEGCHSSTQRPEVQKPRRARQKLRCLSRGTTYHCKEEECEGD
1116,SAGSCKCKESKSTT
1117,EAKLSSNDTEGGLCKEFLHPSKVDLPR
1118,HGPVEMPYTLLFPSSK
1119,KIFKY
1120,DARPALLTSRLRFIPK
1121,MAPRGFSCLLRLTSEIDLPVKRRA
1122,ALSSRLRG
1123,AGFGGFGI
1124,FVGPFP
1125,MNLRLCVQALLLLWLSLTAVCGGSLMPLPDGNGLEDGNVRHLVQPRGSRNGPAPWQGGRRKFRRQRPRLSHKGPMPF
1126,KTEDTGNRSGRRRQRRKKRGY
1127,MVDTNIQSRPNL
1128,QEQLERALNTS
1129,NEVRVQ
1130,YGRKKRRERRRGSRNGTEETR
1131,TCQLRPGAQCASDGPCCQNCQLRPSGWQCRPTKGDCDLPEFCPGDSSQCPPDVSLGDG
1132,WTWKGDTYDSK
1133,YPSKPDNPGEDAPAEDMARYYSALRHYLNLITRQRY
1134,TGSYTDGWS
1135,GPANVEREKEK
1136,MAPRGFSCLLLLTSEIDVPVKRRA
1137,WKDEAGRPLVK
1138,LFGGTVYRS
1139,YHEDAYHEDAYHEDAYHEDGYHEDAQSDIVAHLL
1140,MQLFVK
1141,MNLRLCVQALLLLWLSLTAVCGGSLMPLPDGNGLEDGNVRHLVQPRGSRNGPGPWQGGRKKFRRQRPRLSHKGPMPF
1142,ARTSRVRG
1143,MNLRLCVQALLLRWLSLTAVCGGSLMPLPDGNGLEDGNVRHLVQPRGSRNGPGPWQGGRRKFRRQRPRLSHKGPMPF
1144,VKSGR
1145,YARKKRRERRRGSRNGTEETK
1146,YPSKPDNPGEDAPGEDMARYYSALRHYINLITRQRY
1147,DLIEHGGGRPAD
1148,WKVRQRSKKAQQQESQTALVGNQRSLFA
1149,MNLRLCVQALLLLWLSLTAVCGGSLMPLPDGNGLEDGNVRHRVQPRGSRNGPGPWQGGRRKFRRQRPRLSHKGPMPF
1150,WKVRQRSKKAQQQESQTALVANQRSRFA
1151,KTPPTSP
1152,WTWKGDNLNNN
1153,KTSKS
1154,TCQLRPGAQCASDGPCCQNCQLRPSAWQCRPTRGDCDLPEFCPGDSSQCPPDVSLGDG
1155,GLTSKLRA
1156,TQAQLLRVGCVLGTCQVQNLSHRLWQRMGPAGRQDSAPVDPSSPHSY
1157,KVKVGPANLKVKV
1158,MAPRGFSCLLLLTSEIDRPVKRRA
1159,NEIRIQ
1160,WKVRNRNKKVQQQESQTALVVNQRCLFA
1161,WKVRQRSRKAQQQESQTALVANQRSLFA
1162,KTTRS
1163,VGLAPG
1164,MNLKLCVQALLLLWLSLTAVCGGSLMPLPDGNGLEDGNVRHLVQPRGSRNGPGPWQGGRRKFRRQRPRLSHKGPMPF
1165,NYGRKKRRQRRRPRPRVTWNKKGKKVNSQRFKFERQKILDQRFFEC
1166,ALTSKVRA
1167,KDVVPGG
1168,CKSGGAWCGFDPHACCGNCGCLVGFCYGTGC
1169,NQMRMQ
1170,ELKLIYLHRLKRLRKRLKRK
1171,EHEEHEEHDEHEPEDDPNSSEESYW
1172,QKRRSCK
1173,ALLKRLEQKGAEADQIIEYLKQQVSLLKEKAILQATLREEK
1174,ALTTRLRA
1175,QKRKTCK
1176,CKSGGAWCGFDPHGCCGNCGCLLGFCYGTGC
1177,YGRKKRRQRRRVQPYSTVVHSKFERQKILDQRFYE
1178,WAQFRIQWSHRW
1179,YGRRKRRERRRGSRNGTEETK
1180,YGRKKRKERRRGSRNGTEETK
1181,YGRKKRRQRRRVQPYSTVIHSKFERQKILDQRFFE
1182,GRGDSPGRARARG
1183,CKSGGAWCGFDPHGCCGNCGCRVGFCYGTGC
1184,GPLAPIGPPGLP
1185,AVSTRLRA
1186,MSQQKQQSWKPPNVPKCSPPQRSNPCLAPYSTPCGAPHSDGCHSSSQRPEVQKPRRARQKLRCLSRGTTYHCKEEECEGD
1187,FPQQ
1188,TLALRPVPVATT
1189,MQIFIK
1190,YHEDAYHEDAYHEDAYHEDAYHDDAQSDIVAHLL
1191,HAYEDHAYEDHAYEDHAYDDHAYED
1192,RIFKF
1193,MRWQEMGYIFYPKKLR
1194,TQAQLLRVGCVLGTCQVQNLSHRRWQLMGPAGRQDSAPVDPSSPHSY
1195,MGPRGFSCLLLLTSEIDLPVKRRA
1196,VILIGDSGVGK
1197,KRQWAQFKVQWNQRW
1198,RYVSYALLAGDPSVREDRC
1199,YQGTFPDGFLWAVGSAAYQTEGGWQQHGKG
1200,VVLIGDSGLGK
1201,KTEETGNRSGKRRQRRKKRGY
1202,TQAQLLRVGCVLGTCNVQNLSHRLWQLMGPAGRQDSAPVDPSSPHSY
1203,RPRPDDLPV
1204,EWFTFLKDAGQGAKDMWR
1205,MLDTNIQSRPNR
1206,WKVRQRNKKLQQQESQTALVVNQRCLFA
1207,NYGRRKRRQRRRPKPRVTWNKKGKKVNSQRFKFERQKILDQRFFEC
1208,YARKKRRQRRRVQPYSTVVHSKFERQKILDQRFFE
1209,YGRKKRRQRRRVQPYSTVVHSKFERQKLLDQRFFE
1210,QDQLERARNTS
1211,EGKLSSNDTEAGLCKEFLHPSKVDLPR
1212,NPGPHAQPGPPGP
1213,YNWQSFGLRF
1214,FQGTFPDGFLWAVGSAAYNTEGGWQQHGKG
1215,PPSVSEIQLMHNRGKHLNSMERVEWLRKKLQDVHQFPP
1216,PPSVSEIQLMHNRGKHLNSMDRVEWLRKKLQDVHNFPP
1217,AQPR
1218,QPVVTLYHWDLPQRLQDAYGGWANRGLADH
1219,IGISPG
1220,QRIKYLKP
1221,QILSRLRL
1222,DRNIKIWFQNRRMKWKKRDVLPGT
1223,WKVRQRSKKAQQNESQTALVANQRSLFA
1224,RYVSYALLAGDPSVLEDKC
1225,RTPKVSKPIKFELSG
1226,IFGGTVYKS
1227,ESRWKVMGPIWL
1228,MAPRGFTCLLLLTSEIDLPVKRRA
1229,YNWNSFGVRF
1230,WTWKGLYQRLA
1231,SQEMRMQS
1232,WAQFKLQWSHRW
1233,SEDGYYGEQQQQPGMTR
1234,VAEGAQCINKVPA
1235,MSQQKQQSWKPPNVPKCSPPQRSNPCLAPYSTPCGAPHSEGCHSSSQRPEVQKPRRARQKLRCLSRGTTYHCKEEECEGE
1236,AVLKRLEQKGAEAEQIIEYLKQQVSLLKEKAILQATLREEK
1237,AVLKRLEQKGAEGDQIIEYLKQQVSLLKEKAILQATLREEK
1238,EARPALLTSRLKFIPK
1239,CKSGGAWCGFDPHGCCANCGCLVGFCYGTGC
1240,QQKFEWEFEQQ
1241,WTWKGLYQRRG
1242,ALSSRVRA
1243,EPSVLDEVCLAHGP
1244,PPSVSEIQLMHNRGKHLNSMERVEWLRKKRQDVHNFPP
1245,MNLRLCVQALLLLWLSLTAVCGGSLMPLPDGNGLEDGQVRHLVQPRGSRNGPGPWQGGRRKFRRQRPRLSHKGPMPF
1246,TQAQLLRVGCVLGTCQVQNVSHRLWQLMGPAGRQDSAPVDPSSPHSY
1247,EWFTFLKEGGQGAKDMWR
1248,NYGRKKRRQRRRPKPRITWNKKGKKVNSQRFKFERQKILDQRFFEC
1249,TQAQLLRVGCVLGTCQVQNLSHRLWQLMGPAGRQDSAPVDPSTPHSY
1250,YAGFV
1251,MNLRLCVQALLLLWRSLTAVCGGSLMPLPDGNGLEDGNVRHLVQPRGSRNGPGPWQGGRRKFRRQRPRLSHKGPMPF
1252,MLDTNLQSRPNL
1253,KAKSDDLSV
1254,AKPTFKAKPTYKAKPTYK
1255,QRIKYIRP
1256,RYVSYARLAGDPSVLEDRC
1257,LDALEPDNK
1258,KARSDDLSL
1259,RADGPQGPQ
1260,FQGTFPDGFLWGVGSAAYQTEGGWQQHGKG
1261,WTWKGRQVNNQ
1262,SQAQLLRVGCVLGTCQVQNLSHRLWQLMGPAGRQDSAPVDPSSPHSY
1263,KTEETGNRSGRRRQRKKKRGY
1264,ELKLIFLHRLKRLRRRLKRK
1265,WTWKGDDKGKN
1266,EWFTFLKEAGQAAKDMWR
1267,MAPRGFSCLLLLTSELDLPVKRRA
1268,AVTSKLRA
1269,YHEDAYHEDGYHEDAYHEDAYHEDAQSDIVAHLL
1270,KRQWAQFKIQWNQKW
1271,GPANVEKEKER
1272,AESPRTNRGWNP
1273,WKVRQRNKRVQQQESQTALVVNQRCLFA
1274,AVLKRLEQKGAEADQIIEFLKQQVSLLKEKAILQATLREEK
1275,MSQQKQQSWKPPNVPKCSPPQRSNPCLAPYSTPCGAPHSEGCHSSSQRPEVQKPRRARQKVRCLSRGTTYHCKEEECEGD
1276,EEMQKR
1277,NYGRKKRRQRRRPKPRVTWNKKGKKVNSQRFKFDRQKILDQRFFEC
1278,MSQQKQQSWKPPNVPKCSPPQRSNPCLAPYSTPCGAPHSEGCHSSSQRPEVNKPRRARQKLRCLSRGTTYHCKEEECEGD
1279,VGVAPA
1280,PAAPGSSGPKG
1281,RDVLPGG
1282,WKVRQRSKKGQQQESQTALVANQRSLFA
1283,RYISYALLAGDPSVLEDRC
1284,QEMKVQ
1285,TQAQLLRVGCVLGTCQVQNLSHRLWQLMGPAGRNDSAPVDPSSPHSY
1286,EEEFKPPAAGR
1287,TCQLRPGAQCASEGPCCQNCQLRPSGWQCRPTRGDCDLPEFCPGDSSQCPPDVSLGDG
1288,PKGRQQAIHVAPSF
1289,RDVVPGA
1290,MSQQKQQSWKPPNVPKCSPPQRSNPCLAPYSTPCGAPHSEGCHSSSQRPEVQKPKRARQKLRCLSRGTTYHCKEEECEGD
1291,ALSTRRRF
1292,ALSTRLRY
1293,MHHHHHHHHMKKLLFGIPLVVPFYSHSTMELE
1294,KVKVAPANVKVKV
1295,TCQLRPGAQCASDGPCCQNCQLRPSGWQCRPTRGDCDLPEFCPGDSTQCPPDVSLGDG
1296,QPVVTVYHWDLPQRLQDAYGGWANRALADH
1297,PPSVSDIQLMHNRGKHLNSMERVEWLRKKLQDVHNFPP
1298,MAPRGFSCLLLLTSEIDLPVRRRA
1299,WKVRQRNKKVQQQDSQTALVVNQRCLFA
1300,YHEDAYHEEAYHEDAYHEDAYHEDAQSDIVAHLL
1301,EGKLSSNDTEGGLCREFLHPSKVDLPR
1302,VGASPG
1303,FQGTFPDGFLWAVGSAAFQTEGGWQQHGKG
1304,MRWQEMGYVFYPRKLR
1305,YPSKPDNPGEDAPAEDMARYYSALRHYINLITRNRY
1306,RRQWAQFKIQWNQRW
1307,DRQIKVWFQNRRMKWKKRDVLPGT
1308,MNLRLCVQALLLLWLSLTAVCGGSLMPLPDGNGLEDGNVRHLVQPRGSRNGPGPWQGGRRRFRRQRPRLSHKGPMPF
1309,PKGKQQALHVAPSF
1310,WKVRQRSKKAQQQESQTALVANQRTLFA
1311,MNLRLCVQALLLLWLSLTAVCGGSLMPLPDGNALEDGNVRHLVQPRGSRNGPGPWQGGRRKFRRQRPRLSHKGPMPF
1312,EEIRMN
1313,ISRRRRRRGGRRRRPA
1314,MSQQKQQSWKPPNVPKCSPPQRSNPCLAPYSTPCGAPHSEGCHSSSQRPEVQKPRRARNKLRCLSRGTTYHCKEEECEGD
1315,DRQIKLWFQNRRMKWKKRDVLPGT
1316,YPSKPDNPGEDAPAEDMARYYSALRHYINRITRQRY
1317,YHEDAYHEDAYHEDAYHEDAYHEDAQSDLVAHLL
1318,GLSSRLRA
1319,VRPVPQK
1320,MNLRLCVQALLLLWLSLTAVCGGSLMPLPDGNGLEDGNVRHLVQPRGSRNGPGPWNGGRRKFRRQRPRLSHKGPMPF
1321,EARPALVTSRLRFIPK
1322,MTPTGAA
1323,MSQQKQQSWKPPNVPKCSPPQRSNPCLAPYSTPCGAPHSEGCHTSSQRPEVQKPRRARQKLRCLSRGTTYHCKEEECEGD
1324,MAPRGFSCLLLLTSDIDLPVKRRA
1325,AVLKRLEQKGAEADQVIEYLKQQVSLLKEKAILQATLREEK
1326,WKDEAGKPRVK
1327,VVLIGDTGVGK
1328,GKRHHGYKRKFH
1329,EQMRMQ
1330,AVLKRLEQKGAEADQIIEYLKQQVSLVKEKAILQATLREEK
1331,VLNVPEHFTAQN
1332,ELIDHGGGRPAD
1333,TCQLRPGAQCASDGPCCQNCQLRPSGWQCRPTRGDCDLPEYCPGDSSQCPPDVSLGDG
1334,YPSKPDNPGEDAPAEDMARYYSALRHYINLLTRQRY
1335,WTWKGREKLQM
1336,EPTVLDEVCLAHAP
1337,NYGRKKRRQRRRPKPRVTWNKKGKKVNSQRFKFERQKIVDQRFFEC
1338,WTWKAQLGQLS
1339,NYGRKKRRQRRRPKPRVTWNKKGKKLNSQRFKFERQKILDQRFFEC
1340,SQEMRMNT
1341,VVLVGDSGVGK
1342,VAVMPG
1343,PEGNKP
1344,TCQLRPGAQCASDGPCCQNCQLRPSGWQCRPTRGDCDLPDFCPGDSSQCPPDVSLGDG
1345,CPPNTERSC
1346,APTPL
1347,ELKLLFLHRLKRLRKRLKRK
1348,QEMKMN
1349,QDMRMQ
1350,MNLRLCVQARLLLWLSLTAVCGGSLMPLPDGNGLEDGNVRHLVQPRGSRNGPGPWQGGRRKFRRQRPRLSHKGPMPF
1351,WSWKGLYQRLG
1352,YHEDAYHEDAYHDDAYHEDAYHEDAQSDIVAHLL
1353,GPANLEKEKEK
1354,MHHHHHHHHTMELD
1355,NYGRKKRRQRRRPKPRLTWNKKGKKVNSQRFKFERQKILDQRFFEC
1356,PDSTDAK
1357,RGDGGNPNAAG
1358,MSQQKQQSWKPPNVPKCSPPQRSNPCLAPYSTPCGAPHSEGCHSSSQRPEVQKPRRARQKLRCLTRGTTYHCKEEECEGD
1359,LAEGAQCINKIPA
1360,TCQLRPGAQCASDGPCCQNCQLRPSGWQCRPSRGDCDLPEFCPGDSSQCPPDVSLGDG
1361,CPRHFQPVC
1362,MHHHHHHHHTMEVE
1363,EPTVLDELCLAHGP
1364,MNLRLCVQALLLLWLSLTAVCGGSLMPLPDGNGVEDGNVRHLVQPRGSRNGPGPWQGGRRKFRRQRPRLSHKGPMPF
1365,ALSTRVRF
1366,ELKRIFLHRLKRLRKRLKRK
1367,NYGRKKRRQRRRPKPRVTWNRKGKKVNSQRFKFERQKILDQRFFEC
1368,MAPRGFSCLRLLTSEIDLPVKRRA
1369,YGRKKRRQRRRVQPYSTVVHSKFERNKILDQRFFE
1370,ARSSRLRF
1371,YHEDAFHEDAYHEDAYHEDAYHEDAQSDIVAHLL
1372,MNLRLCVQALLLLWLSLTGVCGGSLMPLPDGNGLEDGNVRHLVQPRGSRNGPGPWQGGRRKFRRQRPRLSHKGPMPF
1373,HAYEDHAYDDHAYEDHAYEDHAYED
1374,FQGTFPDGFLWAVGSAAYQTEGGWQNHGKG
1375,EDIRMQ
1376,CQQTKNYFC
1377,YGRKKRRERKRGSRNGTEETK
1378,YNWNSYGLRF
1379,GPANVEKEKDK
1380,WTWKGGRRSAS
1381,WTWKGDNVQNN
1382,YLGSR
1383,DQMRMQ
1384,SYSGVLFYLK
1385,YGRKKRRERRRGSRQGTEETK
1386,QPVVTLYHWDLPQRLQDAYGGWANRALGDH
1387,ELKLIFLHRLKRLRKRLKRR
1388,WTWKGGRLSGS
1389,RPRPDDVPI
1390,WKVRQRSKKAQQQESQTALLANQRSLFA
1391,VAEGAQCINKLPA
1392,WRYQWQFEQ
1393,LQPSPV
1394,TEGDNPDLKTPA
1395,QDQLERALNSS
1396,FQGTFPDGFLWAVGSAGYQTEGGWQQHGKG
1397,GPLGPIGPPGRP
1398,GPAQVEKEKEK
1399,ELKLIFLHRRKRLRKRLKRK
1400,NPVVTLYHWDLPQRLQDAYGGWANRALADH
1401,SAGTCKCKESKSTS
1402,RRLK
1403,PPSISEIQLMHNRGKHLNSMERVEWLRKKLQDVHNFPP
1404,YAGYL
1405,LGASPG
1406,FPSKPDNPGEDAPAEDMARYYSALRHYINLITRQRY
1407,EGKLSSNDTEGGLCKEYLHPSKVDLPR
1408,NFGRKKRRQRRRPKPRVTWNKKGKKVNSQRFKFERQKILDQRFFEC
1409,ARTSKLRA
1410,ALSSRLRA
1411,CPPNTDKSC
1412,PESTEAK
1413,TASYTEGWS
1414,ERIEHGGGRPAD
1415,TQAQLLRVGCVLGTCQVQNLSHRLWQLMGPGGRQDSAPVDPSSPHSY
1416,SFKLKY
1417,NEMKMQ
1418,MSQQKQQSWKPPNVPKCSPPQRSNPCLAPYSTPCGAPHSEGCHSSSQRPEVQKPRRARQKLRCLSRGTTYHCKEDECEGD
1419,WTWKGETYESK
1420,EVKLIFLHRLKRLRKRLKRK
1421,WKVRQRNKKVQQQESNTALVVNQRCLFA
1422,INPSPV
1423,MNLRLCVQALLLLWLSLTAVCGGSLMPLPDANGLEDGNVRHLVQPRGSRNGPGPWQGGRRKFRRQRPRLSHKGPMPF
1424,LRRK
1425,WTWRGRDKLQM
1426,DKPLIPEAP
1427,WTWKGRQRNNQ
1428,CQTGSPYEC
1429,TQAQRLRVGCVLGTCQVQNLSHRLWQLMGPAGRQDSAPVDPSSPHSY
1430,VSRKRRRRGGRRRRPA
1431,VGAGPG
1432,LRLR
1433,MSQQKQQSWKPPNVPKCSPPQRSNPCLAPYSTPCGAPHSEGCHSSSQRPELQKPRRARQKLRCLSRGTTYHCKEEECEGD
1434,MRWQDMGYIFYPRKLR
1435,ELKLIFLHRLKRLKKRLKRK
1436,SAGSCKCKDSKSTS
1437,WKVRQRSKKAQQQETQTALVANQRSLFA
1438,ALSGL
1439,AKPTYKAKPTYKGKPTYK
1440,HGPIEMPYTLLYPSSK
1441,GEIQKP
1442,IGGSPG
1443,IRGRWCG
1444,TAGSCKCKESKSTS
1445,MAPRGFSCLLLLTSEIDLPVKRKA
1446,EGKLSSNDTEGGLCKEFLHPTKVDLPR
1447,IFAGTVYRS
1448,MAPRGFSCLLLLTSEIDLPVKKRA
1449,CQQTRNYYC
1450,RTPKISKPIRFELSG
1451,PPSVSEINLMHNRGKHLNSMERVEWLRKKLQDVHNFPP
1452,VSRRRRRRGGKRRRPA
1453,WTWRGDNLQNN
1454,WTWKGQVGQLS
1455,DEIRMQ
1456,IFGGSVYRS
1457,PPSLSEIQLMHNRGKHLNSMERVEWLRKKLQDVHNFPP
1458,VGLMPG
1459,RYVSYALLAGDPSILEDRC
1460,PGVQRP
1461,NEMRLQ
1462,EARPGLLTSRLRFIPK
1463,IGLAPG
1464,DFPWYN
1465,ESKWKLMGPIWL
1466,ELIEHGGGRPGD
1467,MAPRGFSCLLVLTSEIDLPVKRRA
1468,GRSGL
1469,YPSKPDNPGEDAPAEDMARYYSALRHYINLISRQRY
1470,EHEEHEDHEEHEPEDDPNSSEESYW
1471,LDALEPENR
1472,GPEPTGPSGAPQWLR
1473,EGKLSSNDTEGGLCKEFLHPSKLDLPR
1474,ALTSRIRA
1475,EPTVVDEVCLAHGP
1476,HLGLEEPRK
1477,ELKLIFLHRLKRLRKRVKRK
1478,EPTVLDEVCVAHGP
1479,GRGDSPGRALARA
1480,QRLKYIKP
1481,WKLRQRNKKVQQQESQTALVVNQRCLFA
1482,WTWKGNKQVRF
1483,ARRHHGYKRKFH
1484,YNWNTFGLRF
1485,MSQQKQNSWKPPNVPKCSPPQRSNPCLAPYSTPCGAPHSEGCHSSSQRPEVQKPRRARQKLRCLSRGTTYHCKEEECEGD
1486,QDMKMQ
1487,NYGRKKRRQRRRPKPRVTWNKKGKKVNSQRFKFERQKIRDQRFFEC
1488,RYVSFALLAGDPSVLEDRC
1489,WTWKGEEKGKN
1490,TGSYSEGWS
1491,YPSKPDNPAEDAPAEDMARYYSALRHYINLITRQRY
1492,YGRKKRRQRRRVNPYSTVVHSKFERQKILDQRFFE
1493,ALTTKLRA
1494,VQPSPV
1495,MNLRLCVQALLLLWLSLTAVCGGSLMPLPDGNGLEDGNVRHLVQPRGSRNGPGPWQGGRRKFRRQRPRRSHKGPMPF
1496,TQAQLLRVGCVRGTCQVQNLSHRLWQLMGPAGRQDSAPVDPSSPHSY
1497,ALSSRVRG
1498,GPSPL
1499,ARTSRVRF
1500,APEPTGPTGAPQWLR
1501,GLTSKLRF
1502,YNWNSFGRRF
1503,YGRKKRRQRRRVQPYSTVVHSKFDRQKILDQRFFE
1504,MAPRGFSCLLLLTSEIDLPLKRRA
1505,SYKLRY
1506,MHHHHHHHHMKRLLFAIPLVVPFYSHSTMELE
1507,YPSKPDNPGEDAPAEDMARYYSALRHYIQLITRQRY
1508,AKRHHAYKRKFH
1509,VKNAKF
1510,TQAQLLRVGCVLGTCQVQNLSHRLWQLMGPAARQDSAPVDPSSPHSY
1511,EARPARLTSRLRFIPK
1512,QEMRMNVY
1513,NYGRKKRKQRRRPKPRVTWNKKGKKVNSQRFKFERQKILDQRFFEC
1514,WKVRQRNKKVQQQESQTALVVNNRCLFA
1515,ALSSKLRA
1516,MSQQKQQSWKPPNVPKCSPPQRSNPCLAPYSTPCGAPHSEGCHSTSQRPEVQKPRRARQKLRCLSRGTTYHCKEEECEGD
1517,YGGFLKKYPK
1518,SYSGVLFFVK
1519,EDEFKPPGAGR
1520,WAQFKINWSHRW
1521,MSQQKQQSWKPPNVPKCSPPQKSNPCLAPYSTPCGAPHSEGCHSSSQRPEVQKPRRARQKLRCLSRGTTYHCKEEECEGD
1522,TCQLRPGAQCASDAPCCQNCQLRPSGWQCRPTRGDCDLPEFCPGDSSQCPPDVSLGDG
1523,WTWKAGRLSAS
1524,WTWKGRQLQNQ
1525,KVKVGPANVKVRV
1526,IGVMPA
1527,WTWRGRQLNNQ
1528,EGKRSSNDTEGGLCKEFLHPSKVDLPR
1529,EGKLSSNDTEGGLCKEFRHPSKVDLPR
1530,VGVMPA
1531,IGVAPG
1532,MAPRGFSCVLLLTSEIDLPVKRRA
1533,IVGRWCG
1534,KVKVGPANVKVKI
1535,PSSRATSRASSRPRPDDLEI
1536,QPVVTLYHWDLPQRLQDAYGGWANRALAEH
1537,NDQLERALNTS
1538,KVFKF
1539,AYDPGYKAYDPAYK
1540,MSQQKQQSWKPPNVPKCSPPQRSNPCLGPYSTPCGAPHSEGCHSSSQRPEVQKPRRARQKLRCLSRGTTYHCKEEECEGD
1541,ALTSKLKF
1542,MHHHHHHHHMKKLLFAIPLVVPFYSHSSMELE
1543,VGLMPA
1544,MHHHHHHHHMKKLLFAIPLIVPFYSHSTMELE
1545,DMVELPLR
1546,PRGKQQAIHVAPSF
1547,RGDGANPQAAG
1548,KTDETGNRSGRRRQRRKKRGY
1549,ELKLIFLHRLKRLRKKLKRK
1550,CKSGGAWCGFEPHGCCGNCGCLVGFCYGTGC
1551,SYTGVLFFLK
1552,EGKLSSNDTEGGLCKEFLHPSKVDLPK
1553,AVLKRLEQKGAEADQIIEYLKQQVSLLKEKALLQATLREEK
1554,ALSSRRRA
1555,ALSTRVRA
1556,VAEGAQCINKIPG
1557,MSQNKQQSWKPPNVPKCSPPQRSNPCLAPYSTPCGAPHSEGCHSSSQRPEVQKPRRARQKLRCLSRGTTYHCKEEECEGD
1558,GLASR
1559,PPTTSKFAA
1560,TCQLRPGAQCASDGPCCQNCQLRPSGWQCRPTRGDCDLPEFCPGDSSQCPPDVSRGDG
1561,DRQIKIWFQQRRMKWKKRDVLPGT
1562,SEEGYYGENQQQPGMTR
1563,KTEETGNRSGRKRQRRKKRGY
1564,YGKKKRRERRRGSRNGTEETK
1565,MTPTGGG
1566,KTEETGNKSGRRRQRRKKRGY
1567,AILKRLEQKGAEADQIIEYLKQQVSLLKEKAILQATLREEK
1568,AESPLTQRGWNP
1569,WKDEAGKPVVK
1570,MVWAP
1571,SGAFG
1572,RGDGANPNGAG
1573,AYDPGYKAYEPGYK
1574,CGPAQVETC
1575,YGGFRRKYPK
1576,WKVRQRNKKVQQQESQTARVVNQRCLFA
1577,QDQLERGLNTS
1578,IGVMPG
1579,IGAAPA
1580,RTPKISKPIKFDLSG
1581,ALSSRLRY
1582,QDMRMQVY
1583,HGPVEMPFTLLYPSSK
1584,YGRKKRRQRRRVQPYSTLVHSKFERQKILDQRFFE
1585,TQGQLLRVGCVLGTCQVQNLSHRLWQLMGPAGRQDSAPVDPSSPHSY
1586,RGEGPQGPQ
1587,GPEPTGPTGAPQWLK
1588,QEMRMQ
1589,AVLKRLEQKGAEADQIIEYLKQQVSRLKEKAILQATLREEK
1590,SAKDGAP
1591,VGIAPG
1592,MNLRLCVQALLRLWLSLTAVCGGSLMPLPDGNGLEDGNVRHLVQPRGSRNGPGPWQGGRRKFRRQRPRLSHKGPMPF
1593,SEEGYFGEQQQQPGMTR
1594,QEMRMN
1595,WKVKQRSKKAQQQESQTALVANQRSLFA
1596,LGVMPG
1597,PKGKQNAIHVAPSF
1598,MAPRGFSCLLLLTSEVDLPVKRRA
1599,HRGLEEPKK
1600,TCQLRPGAQCASDGPCCQNCQLRPSGWQCRPTRGDCDLPEFCPGDSSQCPPDVSLADG
1601,ILARWCG
1602,RNTRVERCHC
1603,RGDGPNGPQ
1604,EHEEHEEHEDHEPEDDPNSSEESYW
1605,NYGRKKRRQRRRPKPRVSWNKKGKKVNSQRFKFERQKILDQRFFEC
1606,EMVELPVR
1607,NEQRERALNTS
1608,TGSYTEGWT
1609,EMVELPRR
1610,TCQLRPGAQCGSDGPCCQNCQLRPSGWQCRPTRGDCDLPEFCPGDSSQCPPDVSLGDG
1611,WTWKGRGTLNR
1612,VAEGAQCINRIPA
1613,GAGVSAD
1614,CKHHLGGIC
1615,MRWQEMGYLFYPRKLR
1616,YHEDAYHEDAYHEDAYHEDAFHEDAQSDIVAHLL
1617,NYGRKKRRQRRRPKPRVTWNKKAKKVNSQRFKFERQKILDQRFFEC
1618,ELIEHGGARPAD
1619,IGVSPA
1620,RPRPDELEV
1621,GLSSRLRF
1622,AVLKRLEQKGAEADQIIEYLKQQVSLLKEKAILQATLKEEK
1623,NEQLERAVNTS
1624,HAYDDHAYEDHAYEDHAYEDHAYED
1625,DDEFKPPAAGR
1626,MNLRLCVQALLLLWLSLTAVCGGSLMPLPDGNGLEDGNVRHLVQPRGSRNGPGPWQGGRRKFRRQRPRLSHKAPMPF
1627,WTWKGEDKAKN
1628,HWAWYK
1629,KRQWAQFKIQWNNRW
1630,DKPRIPEGP
1631,WKVRQRSKKAQQQDSQTALVANQRSLFA
1632,PDTTEAK
1633,QEMRMQ
1634,TCQLKPGAQCASDGPCCQNCQLRPSGWQCRPTRGDCDLPEFCPGDSSQCPPDVSLGDG
1635,ALSTRRRG
1636,PSSRASSRASSRPRPDDREI
1637,RGDAANPNAAG
1638,WTWKGRDKRQM
1639,GPANVEKDKEK
1640,KGWPGSPG
1641,VVLIGDSGVGR
1642,YPSKPDNPGEDAPAEDMARYYSALRHYVNLITRQRY
1643,YAGFLRKYPK
1644,GERG
1645,KARSEDLSV
1646,YHDDAYHEDAYHEDAYHEDAYHEDAQSDIVAHLL
1647,NYGRKKRRQRRRPKPRVTWNKKGKKVNSQRFKFERQKVLDQRFFEC
1648,ELKLIFVHRLKRLRKRLKRK
1649,MRWQEMGFIFYPRKLR
1650,ESKWKVMGPIWV
1651,EWYTFLKEAGQGAKDMWR
1652,YHEDAYHEDAYHEEAYHEDAYHEDAQSDIVAHLL
1653,KTTKT
1654,PPTSTKFAA
1655,QDMRMN
1656,EHEEHEEHEEHEPEDDPQSSEESYW
1657,CKSGGAWCAFDPHGCCGNCGCLVGFCYGTGC
1658,TEGDNPDLRTPG
1659,NYGRKKRRQRRRPKPRVTWNKKGKRVNSQRFKFERQKILDQRFFEC
1660,GKPTYKAKPTYKAKPTYK
1661,WTWRGGRLSAS
1662,GPEPTGPTGAPNWLR
1663,NYGRKKRRQRRRPKPRVTWQKKGKKVNSQRFKFERQKILDQRFFEC
1664,TCQLRPGAQCASDGPCCQNCQLRPSGWQCRPTRGDCDVPEFCPGDSSQCPPDVSLGDG
1665,GPGNVEKEKEK
1666,IGGAPG
1667,PPSVSEIQLMHNRGKHLNSMERIEWLRKKLQDVHNFPP
1668,YAGFR
1669,QPVVTLYHWDLPQRLQDAYGAWANRALADH
1670,RTPKITKPIKFELSG
1671,EGKLSSNETEGGLCKEFLHPSKVDLPR
1672,ALSTRLKF
1673,QRRRTCK
1674,MQIFVR
1675,TGGFG
1676,LHWFKA
1677,MSQQKQQSWKPPNVPKCSPPQRSNPCLAPYSTPCGAPHSEGCHSSSQRPEVQKPRRARQKLRCLSKGTTYHCKEEECEGD
1678,NEMKLQ
1679,DDMRMQ
1680,QEMRMD
1681,VVNIPEHFTAQN
1682,IGASPG
1683,HLGLEEPKR
1684,DRQIKIWFQNRRMKWKKRDVVPGT
1685,QQRFEWEFEQN
1686,KVKVGPANVKLKV
1687,GPRGPIGPPGLP
1688,GPANIEKEKEK
1689,MHHHHHHHHMKKLLFAIPLVVPFYSHSTMERE
1690,WKVRQRNKKIQQQESQTALVVNQRCLFA
1691,EWFSFLKEAGQGAKDMWR
1692,VGAAPA
1693,QEVRMQ
1694,GPTPR
1695,YHEDAYHEDAYHEDAYHEEAYHEDAQSDIVAHLL
1696,VAVSPG
1697,TDGDNPDLKTPG
1698,TQAQLVRVGCVLGTCQVQNLSHRLWQLMGPAGRQDSAPVDPSSPHSY
1699,TLGLRPIPVATT
1700,LGVAPG
1701,MHHHHHHHHTMDLE
1702,MSQQKQQSWKPPNVPKCSPPQRSNPCLAPYTTPCGAPHSEGCHSSSQRPEVQKPRRARQKLRCLSRGTTYHCKEEECEGD
1703,RDVVPAG
1704,MNLRLCVQALLLLWLSLTAVCGGSLMPLPDGNGLEDGNVKHLVQPRGSRNGPGPWQGGRRKFRRQRPRLSHKGPMPF
1705,WTWKGRDRLQM
1706,QPVVTLYHWDLPQRLQEAYGGWANRALADH
1707,SQEMKMQT
1708,MHHHHHHHHMKKLLFAIPLVVPFYSHTTMELE
1709,ADSPLTNRGWNP
1710,PGAPGSTGPKG
1711,KTEETGNRSGRRRQRRKKRAY
1712,ELVEHGGGRPAD
1713,AKRHHGYKKKFH
1714,GNPR
1715,WKVRQRSKKAQQQESQTARVANQRSLFA
1716,ALSSRRRF
1717,SAGSCKCKESKTTS
1718,TQEMRMQT
1719,FQGTYPDGFLWAVGSAAYQTEGGWQQHGKG
1720,WKVRQRNKKVNQQESQTALVVNQRCLFA
1721,PGAPASSGPKG
1722,ILNIPEHFTAQN
1723,AYDPGFKAYDPGYK
1724,AYDPGYKGYDPGYK
1725,AKRHHGYKRKYH
1726,QPVVTLYHWDLPQRLQDAYGGWANKALADH
1727,MHHHHHHHHMKKLVFAIPLVVPFYSHSTMELE
1728,KARSDDLSI
1729,PSSRASSRASSRPRPDDVEI
1730,PPSTTKFAA
1731,PKPIK
1732,AVLKRLEQKGAEADQIIEYLKQQVSLLKEKAILQATRREEK
1733,RTPKISKPLKFELSG
1734,YHEDAYHEDAYHEDAYHEDAYHEEAQSDIVAHLL
1735,QQRFEWEFENQ
1736,AVSSRLRF
1737,SVDEIVQPDPPI
1738,MNLRLCVQALLLLWLSLTAVCGGSLMPLPDGNGLEDGNVRHLVQPRGSRNGPGPWQGGRRKYRRQRPRLSHKGPMPF
1739,KHNKGDEF
1740,AKPTYKAKPTYRAKPTYK
1741,LGASPG
1742,IFGATVYRS
1743,RPKPDDLEV
1744,SGKDP
1745,WKVRQRSKRAQQQESQTALVANQRSLFA
1746,MLETNIQSRPNL
1747,AVLKRLEQKGAEADQIIEYLKQQVSLLKEKAILQASLREEK
1748,YHEDAYHEDAYHEDAYHEDAYHEDAQSDIVAHLR
1749,TAKEGAP
1750,FGRKKRRERRRGSRNGTEETK
1751,AVLKRLDQKGAEADQIIEYLKQQVSLLKEKAILQATLREEK
1752,AESPLTNKGWNP
1753,MRWQEMGYIFYPRKRR
1754,QNMRMQ
1755,MSQQKQQSWRPPNVPKCSPPQRSNPCLAPYSTPCGAPHSEGCHSSSQRPEVQKPRRARQKLRCLSRGTTYHCKEEECEGD
1756,GGFGGYGI
1757,KARSDELSV
1758,MSQQKQQSWKPPNIPKCSPPQRSNPCLAPYSTPCGAPHSEGCHSSSQRPEVQKPRRARQKLRCLSRGTTYHCKEEECEGD
1759,SKSGKF
1760,CTKIYEPVC
1761,MHHHHHHHHMKKLLFAIPVVVPFYSHSTMELE
1762,PPSVSEIQLMHNRGKHLNSMERLEWLRKKLQDVHNFPP
1763,MNLRLCVQALLLLWLSLTAVCGGSLMPLPDGNGLEDGNVRHLVQPRGSRNGPGPWQGGRRKFKRQRPRLSHKGPMPF
1764,VGLMPG
1765,MHHHHHHHHMKKLLFAIPLVVPFYTHSTMELE
1766,RDVIPGG
1767,QPVVTLYHWDRPQRLQDAYGGWANRALADH
1768,MRWQEMAYIFYPRKLR
1769,EWFTYLKEAGQGAKDMWR
1770,ETKWKVMGPIWL
1771,AKKHHGYKRKFH
1772,WTWKGNKNVKF
1773,NYGRKKKRQRRRPKPRVTWNKKGKKVNSQRFKFERQKILDQRFFEC
1774,ALSTRLRG
1775,WTWKGRNLNNQ
1776,AVLKRLEQKGAEADNIIEYLKQQVSLLKEKAILQATLREEK
1777,KVRVGPANVKVKV
1778,MSQQKQQSWKPPNVPKCSPPQRSNPCLAPYSTPCGAPHSEGCHSSSQRPEVQKPRRGRQKLRCLSRGTTYHCKEEECEGD
1779,MNLRLCVQALLLLWVSLTAVCGGSLMPLPDGNGLEDGNVRHLVQPRGSRNGPGPWQGGRRKFRRQRPRLSHKGPMPF
1780,LVLIGDSGVGK
1781,WKVRQRNKKVQQQESQTALLVNQRCLFA
1782,ALTSKVRG
1783,TCQLRPGGQCASDGPCCQNCQLRPSGWQCRPTRGDCDLPEFCPGDSSQCPPDVSLGDG
1784,DRQIKIWFQNRKMKWKKRDVLPGT
1785,ARTSRVRA
1786,YPSKPDNPGEDAPAEDMARYYSAVRHYINLITRQRY
1787,DKPLVPEGP
1788,LKSAR
1789,EHEEHDEHEEHEPEDDPNSSEESYW
1790,NYGRKKRRQRRRPKPRVTWNKKGKKVNSQRFKFEKQKILDQRFFEC
1791,CKSGGAWCGFDPHGCCGNCACLVGFCYGTGC
1792,WTWKAKGTLNR
1793,GDKARYDREM
1794,VAEGAQCIQKIPA
1795,VTRRRRRRGGRRRRPA
1796,PPSVTEIQLMHNRGKHLNSMERVEWLRKKLQDVHNFPP
1797,IGRAPG
1798,TVDEIIQPDPPI
1799,YGGFLRKFPK
1800,MSQQKQQSWKPPNVPKCSPPQRSNPCLAPYSTPCGAPHSEGCHSSSQRPEVQKPRRARQKLRCLSRGTTYHCKEEECEGD
1801,MNLRLCVQALLLLWLSLTAVCGGSLMPLPDGNGLEDGNVRHLVQPRGSRNGPGPWQGGRRKFRRQRPRLSHKGPMPF
1802,TCQLRPGAQCASDGPCCQNCQLRPSGWQCRPTRGDCDLPEFCPGDSSQCPPDVSLGDG
1803,TQAQLLRVGCVLGTCQVQNLSHRLWQLMGPAGRQDSAPVDPSSPHSY
1804,NYGRKKRRQRRRPKPRVTWNKKGKKVNSQRFKFERQKILDQRFFEC
1805,AVLKRLEQKGAEADQIIEYLKQQVSLLKEKAILQATLREEK
1806,PPSVSEIQLMHNRGKHLNSMERVEWLRKKLQDVHNFPP
1807,YPSKPDNPGEDAPAEDMARYYSALRHYINLITRQRY
1808,YGRKKRRQRRRVQPYSTVVHSKFERQKILDQRFFE
1809,YHEDAYHEDAYHEDAYHEDAYHEDAQSDIVAHLL
1810,MHHHHHHHHMKKLLFAIPLVVPFYSHSTMELE
1811,CKSGGAWCGFDPHGCCGNCGCLVGFCYGTGC
1812,FQGTFPDGFLWAVGSAAYQTEGGWQQHGKG
1813,QPVVTLYHWDLPQRLQDAYGGWANRALADH
1814,WKVRQRNKKVQQQESQTALVVNQRCLFA
1815,WKVRQRSKKAQQQESQTALVANQRSLFA
1816,EGKLSSNDTEGGLCKEFLHPSKVDLPR
1817,HAYEDHAYEDHAYEDHAYEDHAYED
1818,EHEEHEEHEEHEPEDDPNSSEESYW
1819,MAPRGFSCLLLLTSEIDLPVKRRA
1820,DRQIKIWFQNRRMKWKKRDVLPGT
1821,KTEETGNRSGRRRQRRKKRGY
1822,YGRKKRRERRRGSRNGTEETK
1823,PSSRASSRASSRPRPDDLEI
1824,ELKLIFLHRLKRLRKRLKRK
1825,RYVSYALLAGDPSVLEDRC
1826,EWFTFLKEAGQGAKDMWR
1827,AKPTYKAKPTYKAKPTYK
1828,SEEGYYGEQQQQPGMTR
1829,EARPALLTSRLRFIPK
1830,MRWQEMGYIFYPRKLR
1831,VSRRRRRRGGRRRRPA
1832,HGPVEMPYTLLYPSSK
1833,RTPKISKPIKFELSG
1834,KRQWAQFKIQWNQRW
1835,GPEPTGPTGAPQWLR
1836,PKGKQQAIHVAPSF
1837,AYDPGYKAYDPGYK
1838,SAGSCKCKESKSTS
1839,MHHHHHHHHTMELE
1840,EPTVLDEVCLAHGP
1841,GRGDSPGRALARG
1842,KVKVGPANVKVKV
1843,NPGPHGQPGPPGP
1844,VAEGAQCINKIPA
1845,AKRHHGYKRKFH
1846,ESKWKVMGPIWL
1847,TEGDNPDLKTPG
1848,TVDEIVQPDPPI
1849,WAQFKIQWSHRW
1850,ELIEHGGGRPAD
1851,AESPLTNRGWNP
1852,MLDTNIQSRPNL
1853,TLGLRPVPVATT
1854,VLNIPEHFTAQN
1855,GPLGPIGPPGLP
1856,RGDGANPNAAG
1857,MHHHHHHHHEF
1858,NEQLERALNTS
1859,QDQLERALNTS
1860,QEQLERALNSS
1861,WKDEAGKPLVK
1862,WTWKGDNLQNN
1863,WTWKGEDKGKN
1864,WTWKGETYDSK
1865,WTWKGGRLSAS
1866,WTWKGKGTLNR
1867,WTWKGLYQRLG
1868,WTWKGNKQVKF
1869,WTWKGQLGQLS
1870,WTWKGRDKLQM
1871,WTWKGRKSLLR
1872,WTWKGRQLNNQ
1873,EDEFKPPAAGR
1874,QQRFEWEFEQQ
1875,VVLIGDSGVGK
1876,GPANVEKEKEK
1877,PGAPGSSGPKG
1878,GDKARYEREM
1879,RQTRVERCHC
1880,YGGFLRKYPK
1881,YKSKKGGWTH
1882,YNWNSFGLRF
1883,SYSGVLFFLK
1884,PPTTTKFAA
1885,CKHHLGAIC
1886,CNTGSPYEC
1887,CPPNTDRSC
1888,CPRHFNPVC
1889,CQQTKNYYC
1890,CTKIYDPVC
1891,IFGGTVYRS
1892,KARSDDLSV
1893,RGDGPQGPQ
1894,RPRPDDLEV
1895,RPRPDDVPV
1896,WRFQWQFEQ
1897,HLGLEEPKK
1898,LDALEPDNR
1899,TGSYTEGWS
1900,CGPANVETC
1901,DKPLIPEGP
1902,ALSSRLRA
1903,ALSSRLRF
1904,ALSSRLRG
1905,ALSTRLRA
1906,ALSTRLRF
1907,ALSTRLRG
1908,ALTSKLRA
1909,ALTSKLRF
1910,ALTSRVRA
1911,ALTSRVRF
1912,ALTSRVRG
1913,GGFGGFGI
1914,KHNRGDEF
1915,QILSKLRL
1916,QEMRMQVY
1917,SQEMRMQT
1918,EMVELPLR
1919,QRIKYIKP
1920,KGWPGTPG
1921,GAGVSAE
1922,PDSTEAK
1923,RDVVPGG
1924,TAKDGAP
1925,VLPVPQK
1926,PQEMRMQ
1927,ILGRWCG
1928,KTPPTTP
1929,KWGGGRY
1930,MASVPTK
1931,MTPTGAG
1932,QKRRTCK
1933,EEMQRR
1934,FVAPFP
1935,GMCCSR
1936,IQPSPV
1937,SFKLRY
1938,DFPWFN
1939,GEVQKP
1940,IGAAPG
1941,IGASPG
1942,IGLAPG
1943,IGLMPG
1944,IGVAPG
1945,IGVMPG
1946,IGVSPG
1947,PEGQKP
1948,PEVQKG
1949,PGVQKP
1950,VGAAPG
1951,VGASPG
1952,VGLAPG
1953,VGLMPG
1954,VGVMPG
1955,VGVSPG
1956,DEMRMQ
1957,DQMRMQ
1958,EEIRMQ
1959,EEMRMQ
1960,EQMRMQ
1961,HWAWFK
1962,NEIRVQ
1963,QDMKMN
1964,QDMRMN
1965,QDMRMQ
1966,QEIRMQ
1967,QELRMQ
1968,QEMKLQ
1969,QEMKMQ
1970,QEMRIQ
1971,QEMRLQ
1972,QEMRME
1973,QEMRMN
1974,QQMRMQ
1975,MQIFVK
1976,TKSGKF
1977,VGVAPG
1978,VKNAKY
1979,LHWFRA
1980,KTTKS
1981,GLGSR
1982,GLSGL
1983,GPTPL
1984,SGGFG
1985,YIGSR
1986,YAGFL
1987,GGFGL
1988,KIFKF
1989,LKSGR
1990,MVWGP
1991,PRPIK
1992,SGRDP
1993,GEKG
1994,AECK
1995,AHSH
1996,FPQN
1997,GQPR
1998,LRLK
1999,PISS
